{
  "mapping": [
    {
      "oc": "/system/aaa/authorization/state/grpc-authz-policy-version",
      "srlinux": "/system/srl_nokia-aaa:aaa/srl_nokia-aaa:authorization/srl_nokia-gnsi-authz:authz-policy/version",
      "feature-flagged": true
    },
    {
      "oc": "/system/aaa/authorization/state/grpc-authz-policy-created-on",
      "srlinux": "/system/srl_nokia-aaa:aaa/srl_nokia-aaa:authorization/srl_nokia-gnsi-authz:authz-policy/created-on",
      "transform": "timeticks-to-timestamp",
      "feature-flagged": true
    },
    {
      "oc": "/system/grpc-servers/grpc-server/authz-policy-counters",
      "srlinux": "",
      "feature-flagged": true
    },
    {
      "oc": "/system/grpc-servers/grpc-server/authz-policy-counters/rpcs",
      "srlinux": "",
      "feature-flagged": true
    },
    {
      "oc": "/system/grpc-servers/grpc-server/authz-policy-counters/rpcs/rpc",
      // "srlinux": "/system/srl_nokia-aaa:aaa/srl_nokia-aaa:authorization/srl_nokia-gnsi-authz:authz-policy/counters/rpc",
      "srlinux": "/system/grpc-server/statistics/rpc",
      "feature-flagged": true
    },
    {
      "oc": "/system/grpc-servers/grpc-server/authz-policy-counters/rpcs/rpc/name",
      // "srlinux": "/system/srl_nokia-aaa:aaa/srl_nokia-aaa:authorization/srl_nokia-gnsi-authz:authz-policy/counters/rpc/name",
      "srlinux": "/system/grpc-server/statistics/rpc/name",
      "feature-flagged": true
    },
    {
      "oc": "/system/grpc-servers/grpc-server/authz-policy-counters/rpcs/rpc/state",
      "srlinux": "",
      "feature-flagged": true
    },
    {
      "oc": "/system/grpc-servers/grpc-server/authz-policy-counters/rpcs/rpc/state/name",
      "srlinux": "",
      "feature-flagged": true
    },
    {
      "oc": "/system/grpc-servers/grpc-server/authz-policy-counters/rpcs/rpc/state/access-rejects",
      // "srlinux": "/system/srl_nokia-aaa:aaa/srl_nokia-aaa:authorization/srl_nokia-gnsi-authz:authz-policy/counters/rpc/access-rejects",
      "srlinux": "/system/grpc-server/statistics/rpc/access-rejects",
      "feature-flagged": true
    },
    {
      "oc": "/system/grpc-servers/grpc-server/authz-policy-counters/rpcs/rpc/state/last-access-reject",
      // "srlinux": "/system/srl_nokia-aaa:aaa/srl_nokia-aaa:authorization/srl_nokia-gnsi-authz:authz-policy/counters/rpc/last-access-reject",
      "srlinux": "/system/grpc-server/statistics/rpc/last-access-reject",
      "transform": "timeticks-to-timestamp",
      "feature-flagged": true
    },
    {
      "oc": "/system/grpc-servers/grpc-server/authz-policy-counters/rpcs/rpc/state/access-accepts",
      // "srlinux": "/system/srl_nokia-aaa:aaa/srl_nokia-aaa:authorization/srl_nokia-gnsi-authz:authz-policy/counters/rpc/access-accepts",
      "srlinux": "/system/grpc-server/statistics/rpc/access-accepts",
      "feature-flagged": true
    },
    {
      "oc": "/system/grpc-servers/grpc-server/authz-policy-counters/rpcs/rpc/state/last-access-accept",
      // "srlinux": "/system/srl_nokia-aaa:aaa/srl_nokia-aaa:authorization/srl_nokia-gnsi-authz:authz-policy/counters/rpc/last-access-accept",
      "srlinux": "/system/grpc-server/statistics/rpc/last-access-accept",
      "transform": "timeticks-to-timestamp",
      "feature-flagged": true
    },
    {
      "oc": "/system/grpc-servers/grpc-server/state/certificate-version",
      "srlinux": "/system/srl_nokia-grpc:grpc-server/srl_nokia-gnsi-certz:certz/certificate/version",
      "feature-flagged": true
    },
    {
      "oc": "/system/grpc-servers/grpc-server/state/certificate-created-on",
      "srlinux": "/system/srl_nokia-grpc:grpc-server/srl_nokia-gnsi-certz:certz/certificate/created-on",
      "transform": "timeticks-to-timestamp",
      "feature-flagged": true
    },
    {
      "oc": "/system/grpc-servers/grpc-server/state/ca-trust-bundle-version",
      "srlinux": "/system/srl_nokia-grpc:grpc-server/srl_nokia-gnsi-certz:certz/trust-anchor/version",
      "feature-flagged": true
    },
    {
      "oc": "/system/grpc-servers/grpc-server/state/ca-trust-bundle-created-on",
      "srlinux": "/system/srl_nokia-grpc:grpc-server/srl_nokia-gnsi-certz:certz/trust-anchor/created-on",
      "transform": "timeticks-to-timestamp",
      "feature-flagged": true
    },
    {
      "oc": "/system/grpc-servers/grpc-server/state/certificate-revocation-list-bundle-version",
      "srlinux": "/system/srl_nokia-grpc:grpc-server/srl_nokia-gnsi-certz:certz/crl/version",
      "feature-flagged": true
    },
    {
      "oc": "/system/grpc-servers/grpc-server/state/certificate-revocation-list-bundle-created-on",
      "srlinux": "/system/srl_nokia-grpc:grpc-server/srl_nokia-gnsi-certz:certz/crl/created-on",
      "transform": "timeticks-to-timestamp",
      "feature-flagged": true
    },
    {
      "oc": "/system/grpc-servers/grpc-server/state/authentication-policy-version",
      "supported": false,
      "feature-flagged": true
    },
    {
      "oc": "/system/grpc-servers/grpc-server/state/authentication-policy-created-on",
      "supported": false,
      "feature-flagged": true
    },
    {
      "oc": "/system/grpc-servers/grpc-server/state/ssl-profile-id",
      "srlinux": "/system/srl_nokia-grpc:grpc-server/srl_nokia-gnsi-certz:certz/ssl-profile-id",
      "feature-flagged": true
    },
    {
      "oc": "/system/grpc-servers/grpc-server/state/counters",
      "srlinux": "",
      "feature-flagged": true
    },
    {
      "oc": "/system/grpc-servers/grpc-server/state/counters/connection-rejects",
      "srlinux": "/system/srl_nokia-grpc:grpc-server/statistics/access-rejects",
      "feature-flagged": true
    },
    {
      "oc": "/system/grpc-servers/grpc-server/state/counters/last-connection-reject",
      "srlinux": "/system/srl_nokia-grpc:grpc-server/statistics/last-access-reject",
      "transform": "timeticks-to-timestamp",
      "feature-flagged": true
    },
    {
      "oc": "/system/grpc-servers/grpc-server/state/counters/connection-accepts",
      "srlinux": "/system/srl_nokia-grpc:grpc-server/statistics/access-accepts",
      "feature-flagged": true
    },
    {
      "oc": "/system/grpc-servers/grpc-server/state/counters/last-connection-accept",
      "srlinux": "/system/srl_nokia-grpc:grpc-server/statistics/last-access-accept",
      "transform": "timeticks-to-timestamp",
      "feature-flagged": true
    },
    {
        "oc": "/system/console",
        "srlinux": "",
        "supported": false,
        "feature-flagged": true
    },
    {
        "oc": "/system/console/config",
        "srlinux": "",
        "supported": false,
        "feature-flagged": true
    },
    {
        "oc": "/system/console/state",
        "srlinux": "",
        "supported": false,
        "feature-flagged": true
    },
    {
        "oc": "/system/console/state/counters",
        "srlinux": "",
        "supported": false,
        "feature-flagged": true
    },
    {
        "oc": "/system/console/state/counters/access-rejects",
        "srlinux": "",
        "supported": false,
        "feature-flagged": true
    },
    {
        "oc": "/system/console/state/counters/last-access-reject",
        "srlinux": "",
        "supported": false,
        "feature-flagged": true
    },
    {
        "oc": "/system/console/state/counters/access-accepts",
        "srlinux": "",
        "supported": false,
        "feature-flagged": true
    },
    {
        "oc": "/system/console/state/counters/last-access-accept",
        "srlinux": "",
        "supported": false,
        "feature-flagged": true
    },
    {
        "oc": "/system/aaa/authentication/admin-user/state/password-version",
        "srlinux": "/system/aaa/authentication/admin-user/credentialz/password/version",
        "feature-flagged": true
    },
    {
        "oc": "/system/aaa/authentication/admin-user/state/password-created-on",
        "srlinux": "/system/aaa/authentication/admin-user/credentialz/password/created-on",
        "transform": "timeticks-to-timestamp",
        "feature-flagged": true
    },
    {
        "oc": "/system/aaa/authentication/admin-user/state/authorized-principals-list-version",
        "srlinux": "/system/aaa/authentication/admin-user/credentialz/authorized-principals/version",
        "feature-flagged": true
    },
    {
        "oc": "/system/aaa/authentication/admin-user/state/authorized-principals-list-created-on",
        "srlinux": "/system/aaa/authentication/admin-user/credentialz/authorized-principals/created-on",
        "transform": "timeticks-to-timestamp",
        "feature-flagged": true
    },
    {
        "oc": "/system/aaa/authentication/admin-user/state/authorized-keys-list-version",
        "srlinux": "/system/aaa/authentication/admin-user/credentialz/authorized-keys/version",
        "feature-flagged": true
    },
    {
        "oc": "/system/aaa/authentication/admin-user/state/authorized-keys-list-created-on",
        "srlinux": "/system/aaa/authentication/admin-user/credentialz/authorized-keys/created-on",
        "transform": "timeticks-to-timestamp",
        "feature-flagged": true
    },
    {
      "oc": "",
      "srlinux": "/system/aaa/authentication/user/credentialz/password",
      "pretranslate-transform": "srl-system-aaa-authentication-user-credentialz-transform"
    },
    {
      "oc": "",
      "srlinux": "/system/aaa/authentication/user/credentialz/authorized-principals",
      "pretranslate-transform": "srl-system-aaa-authentication-user-credentialz-transform"
    },
    {
      "oc": "",
      "srlinux": "/system/aaa/authentication/user/credentialz/authorized-keys",
      "pretranslate-transform": "srl-system-aaa-authentication-user-credentialz-transform"
    },
    // following user/credentialz leaf translations are here only for documentation purpose
    // everything is handled via srl-system-aaa-authentication-user-credentialz-transform
    // mainly mgmt/server/schema_translate/transforms_system.cc:TranslateRole()
    {
        "oc": "/system/aaa/authentication/users/user/state/password-version",
        "srlinux": "/system/aaa/authentication/user/credentialz/password/version",
        "feature-flagged": true
    },
    {
        "oc": "/system/aaa/authentication/users/user/state/password-created-on",
        "srlinux": "/system/aaa/authentication/user/credentialz/password/created-on",
        "transform": "timeticks-to-timestamp",
        "feature-flagged": true
    },
    {
        "oc": "/system/aaa/authentication/users/user/state/authorized-principals-list-version",
        "srlinux": "/system/aaa/authentication/user/credentialz/authorized-principals/version",
        "feature-flagged": true
    },
    {
        "oc": "/system/aaa/authentication/users/user/state/authorized-principals-list-created-on",
        "srlinux": "/system/aaa/authentication/user/credentialz/authorized-principals/created-on",
        "transform": "timeticks-to-timestamp",
        "feature-flagged": true
    },
    {
        "oc": "/system/aaa/authentication/users/user/state/authorized-keys-list-version",
        "srlinux": "/system/aaa/authentication/user/credentialz/authorized-keys/version",
        "feature-flagged": true
    },
    {
        "oc": "/system/aaa/authentication/users/user/state/authorized-keys-list-created-on",
        "srlinux": "/system/aaa/authentication/user/credentialz/authorized-keys/created-on",
        "transform": "timeticks-to-timestamp",
        "feature-flagged": true
    },
    {
        "oc": "/system/ssh-server/state/active-trusted-user-ca-keys-version",
        "srlinux": "/system/ssh-server/credentialz/trusted-user-ca-keys/version",
        "feature-flagged": true
    },
    {
        "oc": "/system/ssh-server/state/active-trusted-user-ca-keys-created-on",
        "srlinux": "/system/ssh-server/credentialz/trusted-user-ca-keys/created-on",
        "transform": "timeticks-to-timestamp",
        "feature-flagged": true
    },
    {
        "oc": "/system/ssh-server/state/active-host-certificate-version",
        "srlinux": "/system/ssh-server/credentialz/host-certificate/version",
        "feature-flagged": true
    },
    {
        "oc": "/system/ssh-server/state/active-host-certificate-created-on",
        "srlinux": "/system/ssh-server/credentialz/host-certificate/created-on",
        "transform": "timeticks-to-timestamp",
        "feature-flagged": true
    },
    {
        "oc": "/system/ssh-server/state/active-host-key-version",
        "srlinux": "/system/ssh-server/credentialz/host-key/version",
        "feature-flagged": true
    },
    {
        "oc": "/system/ssh-server/state/active-host-key-created-on",
        "srlinux": "/system/ssh-server/credentialz/host-key/created-on",
        "transform": "timeticks-to-timestamp",
        "feature-flagged": true
    },
    {
        "oc": "/system/ssh-server/state/counters",
        "srlinux": "",
        "feature-flagged": true
    },
    {
        "oc": "/system/ssh-server/state/counters/access-rejects",
        "srlinux": "/system/ssh-server/counters/access-rejects",
        "feature-flagged": true
    },
    {
        "oc": "/system/ssh-server/state/counters/last-access-reject",
        "srlinux": "/system/ssh-server/counters/last-access-reject",
        "transform": "timeticks-to-timestamp",
        "feature-flagged": true
    },
    {
        "oc": "/system/ssh-server/state/counters/access-accepts",
        "srlinux": "/system/ssh-server/counters/access-accepts",
        "feature-flagged": true
    },
    {
        "oc": "/system/ssh-server/state/counters/last-access-accept",
        "srlinux": "/system/ssh-server/counters/last-access-accept",
        "transform": "timeticks-to-timestamp",
        "feature-flagged": true
    },
    {
        // ssh-key/password/password-hashed fields should be mapped and then rejected when credentialz is disabled?
        "oc": "/oc-sys:system/oc-sys:aaa/oc-sys:authentication/oc-sys:users/oc-sys:user/oc-sys:{config,state}/oc-sys:ssh-key",
        "supported": false
    },
    {
        "oc": "/oc-sys:system/oc-sys:aaa/oc-sys:authentication/oc-sys:users/oc-sys:user/oc-sys:config/oc-sys:password",
        "supported": false
    },
    {
        "oc": "/oc-sys:system/oc-sys:aaa/oc-sys:authentication/oc-sys:users/oc-sys:user/oc-sys:config/oc-sys:password-hashed",
        "supported": false
    },
    {
      // global pathz policy instances state (will be mapped to mgmt-server)
      "oc": "/system/gnmi-pathz-policies",
      "srlinux": "",
      "feature-flagged": true
    },
    {
      "oc": "/system/gnmi-pathz-policies/policies",
      "srlinux": "",
      "feature-flagged": true
    },
    {
      "oc": "/system/gnmi-pathz-policies/policies/policy",
      "srlinux": "/system/configuration/pathz/policy",
      "feature-flagged": true
    },
    {
      "oc": "/system/gnmi-pathz-policies/policies/policy/instance",
      "srlinux": "/system/configuration/pathz/policy/instance",
      "feature-flagged": true
    },
    {
      "oc": "/system/gnmi-pathz-policies/policies/policy/state",
      "srlinux": "",
      "feature-flagged": true
    },
    {
      "oc": "/system/gnmi-pathz-policies/policies/policy/state/instance",
      "srlinux": "",
      "feature-flagged": true
    },
    {
      "oc": "/system/gnmi-pathz-policies/policies/policy/state/version",
      "srlinux": "/system/configuration/pathz/policy/version",
      "feature-flagged": true
    },
    {
      "oc": "/system/gnmi-pathz-policies/policies/policy/state/created-on",
      "srlinux": "/system/configuration/pathz/policy/created-on",
      "transform": "timeticks-to-timestamp",
      "feature-flagged": true
    },
    {
      // per grpc_server pathz policy state (will be mapped to mgmt-server and copied to all grpc-servers)
      "oc": "/system/grpc-servers/grpc-server/state/gnmi-pathz-policy-version",
      "srlinux": "/system/grpc-server/pathz/version",
      "feature-flagged": true
    },
    {
      "oc": "/system/grpc-servers/grpc-server/state/gnmi-pathz-policy-created-on",
      "srlinux": "/system/grpc-server/pathz/created-on",
      "transform": "timeticks-to-timestamp",
      "feature-flagged": true
    },
    {
      // per grpc_server pathz policy counters (will be mapped to mgmt-server and copied to all grpc-servers)
      // counters will be only per schema path (without keys, i.e. not per individual jspath)
      "oc": "/system/grpc-servers/grpc-server/gnmi-pathz-policy-counters",
      "srlinux": "",
      "feature-flagged": true
    },
    {
      "oc": "/system/grpc-servers/grpc-server/gnmi-pathz-policy-counters/paths",
      "srlinux": "",
      "feature-flagged": true
    },
    {
      "oc": "/system/grpc-servers/grpc-server/gnmi-pathz-policy-counters/paths/path",
      "srlinux": "/system/grpc-server/pathz/counters/path",
      "feature-flagged": true
    },
    {
      "oc": "/system/grpc-servers/grpc-server/gnmi-pathz-policy-counters/paths/path/name",
      "srlinux": "/system/grpc-server/pathz/counters/path/name",
      "feature-flagged": true
    },
    {
      "oc": "/system/grpc-servers/grpc-server/gnmi-pathz-policy-counters/paths/path/state",
      "srlinux": "",
      "feature-flagged": true
    },
    {
      "oc": "/system/grpc-servers/grpc-server/gnmi-pathz-policy-counters/paths/path/state/name",
      "srlinux": "",
      "feature-flagged": true
    },
    {
      "oc": "/system/grpc-servers/grpc-server/gnmi-pathz-policy-counters/paths/path/state/reads",
      "srlinux": "/system/grpc-server/pathz/counters/path/reads",
      "feature-flagged": true
    },
    {
      "oc": "/system/grpc-servers/grpc-server/gnmi-pathz-policy-counters/paths/path/state/reads/access-rejects",
      "srlinux": "/system/grpc-server/pathz/counters/path/reads/access-rejects",
      "feature-flagged": true
    },
    {
      "oc": "/system/grpc-servers/grpc-server/gnmi-pathz-policy-counters/paths/path/state/reads/last-access-reject",
      "srlinux": "/system/grpc-server/pathz/counters/path/reads/last-access-reject",
      "transform": "timeticks-to-timestamp",
      "feature-flagged": true
    },
    {
      "oc": "/system/grpc-servers/grpc-server/gnmi-pathz-policy-counters/paths/path/state/reads/access-accepts",
      "srlinux": "/system/grpc-server/pathz/counters/path/reads/access-accepts",
      "feature-flagged": true
    },
    {
      "oc": "/system/grpc-servers/grpc-server/gnmi-pathz-policy-counters/paths/path/state/reads/last-access-accept",
      "srlinux": "/system/grpc-server/pathz/counters/path/reads/last-access-accept",
      "transform": "timeticks-to-timestamp",
      "feature-flagged": true
    },
    {
      "oc": "/system/grpc-servers/grpc-server/gnmi-pathz-policy-counters/paths/path/state/writes",
      "srlinux": "/system/grpc-server/pathz/counters/path/writes",
      "feature-flagged": true
    },
    {
      "oc": "/system/grpc-servers/grpc-server/gnmi-pathz-policy-counters/paths/path/state/writes/access-rejects",
      "srlinux": "/system/grpc-server/pathz/counters/path/writes/access-rejects",
      "feature-flagged": true
    },
    {
      "oc": "/system/grpc-servers/grpc-server/gnmi-pathz-policy-counters/paths/path/state/writes/last-access-reject",
      "srlinux": "/system/grpc-server/pathz/counters/path/writes/last-access-reject",
      "transform": "timeticks-to-timestamp",
      "feature-flagged": true
    },
    {
      "oc": "/system/grpc-servers/grpc-server/gnmi-pathz-policy-counters/paths/path/state/writes/access-accepts",
      "srlinux": "/system/grpc-server/pathz/counters/path/writes/access-accepts",
      "feature-flagged": true
    },
    {
      "oc": "/system/grpc-servers/grpc-server/gnmi-pathz-policy-counters/paths/path/state/writes/last-access-accept",
      "srlinux": "/system/grpc-server/pathz/counters/path/writes/last-access-accept",
      "transform": "timeticks-to-timestamp",
      "feature-flagged": true
    },
    {
      // acctz counters are not yet implemented in srlinux
      "oc": "/system/grpc-servers/grpc-server/acctz-counters",
      "supported": false,
      "feature-flagged": true
    }
  ]
}
