{
  "mapping": [
    {
      "oc": "/routing-policy/policy-definitions/policy-definition/statements/statement/actions/isis-actions",
      "srlinux": "/routing-policy/policy/statement/action/isis",
      "feature-flagged": true
    },
    {
      "oc": "/routing-policy/policy-definitions/policy-definition/statements/statement/actions/isis-actions/{config,state}",
      "srlinux": ""
    },
    {
      "oc": "/routing-policy/policy-definitions/policy-definition/statements/statement/actions/isis-actions/{config,state}/set-level",
      "srlinux": "/routing-policy/policy/statement/action/isis/level",
      "feature-flagged": true
    },
    {
      "oc": "/routing-policy/policy-definitions/policy-definition/statements/statement/actions/isis-actions/{config,state}/set-metric-type",
      "srlinux": "/routing-policy/policy/statement/action/isis/metric/set-type",
      "mapping": [
        {"EXTERNAL": "external"},
        {"INTERNAL": "internal"}
      ],
      "feature-flagged": true
    },
    {
      "oc": "/routing-policy/policy-definitions/policy-definition/statements/statement/actions/isis-actions/{config,state}/set-metric-style-type",
      "srlinux": "/routing-policy/policy/statement/action/isis/metric/set-style",
      "mapping": [
        {"WIDE_METRIC": "wide"},
        {"NARROW_METRIC": "narrow"}
      ],
      "feature-flagged": true
    },
    {
      "oc": "/routing-policy/policy-definitions/policy-definition/statements/statement/actions/isis-actions/{config,state}/set-metric",
      "srlinux": "/routing-policy/policy/statement/action/isis/metric/set-value",
      "feature-flagged": true
    },
    {
      "oc": "/routing-policy/policy-definitions/policy-definition/statements/statement/conditions/isis-conditions",
      "srlinux": "/routing-policy/policy/statement/match/isis"
    },
    {
      "oc": "/routing-policy/policy-definitions/policy-definition/statements/statement/conditions/isis-conditions/{config,state}",
      "srlinux": ""
    },
    {
      "oc": "/routing-policy/policy-definitions/policy-definition/statements/statement/conditions/isis-conditions/{config,state}/level-eq",
      "srlinux": "/routing-policy/policy/statement/match/isis/level"
    },
    {
      "oc": "/routing-policy/policy-definitions/policy-definition/statements/statement/conditions/isis-conditions/{config,state}/match-metric-type",
      "supported": false
    }
  ]
}
