{
  "mapping": [
    {
      "oc": "/network-instances/network-instance/policy-forwarding",
      "srlinux": "/network-instance/policy-forwarding",
      "feature-flagged": true
    },
    {
      "oc": "/network-instances/network-instance/policy-forwarding/policies",
      "srlinux": ""
    },
    {
      "oc": "/network-instances/network-instance/policy-forwarding/policies/policy",
      "srlinux": "/network-instance/policy-forwarding/policy",
      "feature-flagged": true
    },
    {
      "oc": "/network-instances/network-instance/policy-forwarding/policies/policy/policy-id",
      "srlinux": "/network-instance/policy-forwarding/policy/policy-id",
      "feature-flagged": true
    },
    {
      "oc": "/network-instances/network-instance/policy-forwarding/policies/policy/{config,state}",
      "srlinux": ""
    },
    {
      "oc": "/network-instances/network-instance/policy-forwarding/policies/policy/{config,state}/policy-id",
      "srlinux": ""
    },
    {
      "oc": "/network-instances/network-instance/policy-forwarding/policies/policy/{config,state}/type",
      "srlinux": "/network-instance/policy-forwarding/policy/type",
      "feature-flagged": true,
      "mapping": [
        {"VRF_SELECTION_POLICY":"vrf-selection-policy"},
        {"PBR_POLICY":"pbr-policy"}
      ]
    },
    {
      "oc": "/network-instances/network-instance/policy-forwarding/policies/policy/rules",
      "srlinux": ""
    },
    {
      "oc": "/network-instances/network-instance/policy-forwarding/policies/policy/rules/rule",
      "srlinux": "/network-instance/policy-forwarding/policy/rule",
      "feature-flagged": true
    },
    {
      "oc": "/network-instances/network-instance/policy-forwarding/policies/policy/rules/rule/sequence-id",
      "srlinux": "/network-instance/policy-forwarding/policy/rule/sequence-id",
      "feature-flagged": true
    },
    {
      "oc": "/network-instances/network-instance/policy-forwarding/policies/policy/rules/rule/{config,state}",
      "srlinux": ""
    },
    {
      "oc": "/network-instances/network-instance/policy-forwarding/policies/policy/rules/rule/{config,state}/sequence-id",
      "srlinux": "",
      "type": "srl_nokia-common:rule-sequence-id"
    },
    {
      "oc": "/network-instances/network-instance/policy-forwarding/policies/policy/rules/rule/state/matched-pkts",
      "supported": false
    },
    {
      "oc": "/network-instances/network-instance/policy-forwarding/policies/policy/rules/rule/state/matched-octets",
      "supported": false
    },
    {
      "oc": "/network-instances/network-instance/policy-forwarding/policies/policy/rules/rule/l2",
      "supported": false
    },
    {
      "oc": "/network-instances/network-instance/policy-forwarding/policies/policy/rules/rule/ipv4",
      "srlinux": "/network-instance/policy-forwarding/policy/rule/match/ipv4",
      "feature-flagged": true
    },
    {
      "oc": "/network-instances/network-instance/policy-forwarding/policies/policy/rules/rule/ipv4/{config,state}",
      "srlinux": ""
    },
    {
      "oc": "/network-instances/network-instance/policy-forwarding/policies/policy/rules/rule/ipv4/{config,state}/source-address",
      "srlinux": "/network-instance/policy-forwarding/policy/rule/match/ipv4/source-ip/prefix",
      "feature-flagged": true
    },
    {
      "oc": "/network-instances/network-instance/policy-forwarding/policies/policy/rules/rule/ipv4/{config,state}/source-address-prefix-set",
      "supported": false
    },
    {
      "oc": "/network-instances/network-instance/policy-forwarding/policies/policy/rules/rule/ipv4/{config,state}/destination-address",
      "srlinux": "/network-instance/policy-forwarding/policy/rule/match/ipv4/destination-ip/prefix",
      "feature-flagged": true
    },
    {
      "oc": "/network-instances/network-instance/policy-forwarding/policies/policy/rules/rule/ipv4/{config,state}/destination-address-prefix-set",
      "supported": false
    },
    {
      "oc": "/network-instances/network-instance/policy-forwarding/policies/policy/rules/rule/ipv4/{config,state}/dscp",
      "supported": false
    },
    {
      "oc": "/network-instances/network-instance/policy-forwarding/policies/policy/rules/rule/ipv4/{config,state}/dscp-set",
      "srlinux": "/network-instance/policy-forwarding/policy/rule/match/ipv4/dscp-set",
      "feature-flagged": true
    },
    {
      "oc": "/network-instances/network-instance/policy-forwarding/policies/policy/rules/rule/ipv4/{config,state}/dscp-set/dscp-set",
      "srlinux": "/network-instance/policy-forwarding/policy/rule/match/ipv4/dscp-set/dscp-set",
      "feature-flagged": true,
      "mapping": [
        {"0":"CS0"},
        {"1":"LE"},
        {"10":"AF11"},
        {"12":"AF12"},
        {"14":"AF13"},
        {"16":"CS2"},
        {"18":"AF21"},
        {"20":"AF22"},
        {"22":"AF23"},
        {"24":"CS3"},
        {"26":"AF31"},
        {"28":"AF32"},
        {"30":"AF33"},
        {"32":"CS4"},
        {"34":"AF41"},
        {"36":"AF42"},
        {"38":"AF43"},
        {"40":"CS5"},
        {"46":"EF"},
        {"48":"CS6"},
        {"56":"CS7"},
        {"8":"CS1"},
        {"__number__":"__number__"}
      ]
    },
    {
      "oc": "/network-instances/network-instance/policy-forwarding/policies/policy/rules/rule/ipv4/{config,state}/length",
      "supported": false
    },
    {
      "oc": "/network-instances/network-instance/policy-forwarding/policies/policy/rules/rule/ipv4/{config,state}/protocol",
      "srlinux": "/network-instance/policy-forwarding/policy/rule/match/ipv4/protocol",
      "feature-flagged": true,
      "mapping": [
        {"IP_TCP":"tcp"},
        {"IP_UDP":"udp"},
        {"IP_ICMP":"icmp"},
        {"IP_IGMP":"igmp"},
        {"IP_PIM":"pim"},
        {"IP_RSVP":"rsvp"},
        {"IP_GRE":"gre"},
        {"IP_AUTH":"ah"},
        {"IP_L2TP":"l2tp"},
        {"IP_IN_IP":"ipv4"},
        {"112":"vrrp"},
        {"__number__":"__number__"}
      ]
    },
    {
      "oc": "/network-instances/network-instance/policy-forwarding/policies/policy/rules/rule/ipv4/{config,state}/hop-limit",
      "supported": false
    },
    {
      "oc": "/network-instances/network-instance/policy-forwarding/policies/policy/rules/rule/ipv4/icmpv4",
      "supported": false
    },
    {
      "oc": "/network-instances/network-instance/policy-forwarding/policies/policy/rules/rule/ipv6",
      "srlinux": "/network-instance/policy-forwarding/policy/rule/match/ipv6",
      "feature-flagged": true
    },
    {
      "oc": "/network-instances/network-instance/policy-forwarding/policies/policy/rules/rule/ipv6/{config,state}",
      "srlinux": ""
    },
    {
      "oc": "/network-instances/network-instance/policy-forwarding/policies/policy/rules/rule/ipv6/{config,state}/source-address",
      "srlinux": "/network-instance/policy-forwarding/policy/rule/match/ipv6/source-ip/prefix",
      "feature-flagged": true
    },
    {
      "oc": "/network-instances/network-instance/policy-forwarding/policies/policy/rules/rule/ipv6/{config,state}/source-address-prefix-set",
      "supported": false
    },
    {
      "oc": "/network-instances/network-instance/policy-forwarding/policies/policy/rules/rule/ipv6/{config,state}/destination-address",
      "srlinux": "/network-instance/policy-forwarding/policy/rule/match/ipv6/destination-ip/prefix",
      "feature-flagged": true
    },
    {
      "oc": "/network-instances/network-instance/policy-forwarding/policies/policy/rules/rule/ipv6/{config,state}/destination-address-prefix-set",
      "supported": false
    },
    {
      "oc": "/network-instances/network-instance/policy-forwarding/policies/policy/rules/rule/ipv6/{config,state}/source-flow-label",
      "supported": false
    },
    {
      "oc": "/network-instances/network-instance/policy-forwarding/policies/policy/rules/rule/ipv6/{config,state}/destination-flow-label",
      "supported": false
    },
    {
      "oc": "/network-instances/network-instance/policy-forwarding/policies/policy/rules/rule/ipv6/{config,state}/dscp",
      "supported": false
    },
    {
      "oc": "/network-instances/network-instance/policy-forwarding/policies/policy/rules/rule/ipv6/{config,state}/dscp-set",
      "srlinux": "/network-instance/policy-forwarding/policy/rule/match/ipv6/dscp-set",
      "feature-flagged": true
    },
    {
      "oc": "/network-instances/network-instance/policy-forwarding/policies/policy/rules/rule/ipv6/{config,state}/dscp-set/dscp-set",
      "srlinux": "/network-instance/policy-forwarding/policy/rule/match/ipv6/dscp-set/dscp-set",
      "feature-flagged": true,
      "mapping": [
        {"0":"CS0"},
        {"1":"LE"},
        {"10":"AF11"},
        {"12":"AF12"},
        {"14":"AF13"},
        {"16":"CS2"},
        {"18":"AF21"},
        {"20":"AF22"},
        {"22":"AF23"},
        {"24":"CS3"},
        {"26":"AF31"},
        {"28":"AF32"},
        {"30":"AF33"},
        {"32":"CS4"},
        {"34":"AF41"},
        {"36":"AF42"},
        {"38":"AF43"},
        {"40":"CS5"},
        {"46":"EF"},
        {"48":"CS6"},
        {"56":"CS7"},
        {"8":"CS1"},
        {"__number__":"__number__"}
      ]
    },
    {
      "oc": "/network-instances/network-instance/policy-forwarding/policies/policy/rules/rule/ipv6/{config,state}/length",
      "supported": false
    },
    {
      "oc": "/network-instances/network-instance/policy-forwarding/policies/policy/rules/rule/ipv6/{config,state}/protocol",
      "srlinux": "/network-instance/policy-forwarding/policy/rule/match/ipv6/next-header",
      "feature-flagged": true,
      "mapping": [
        {"IP_TCP":"tcp"},
        {"IP_UDP":"udp"},
        {"IP_ICMP":"icmp"},
        {"IP_IGMP":"igmp"},
        {"IP_PIM":"pim"},
        {"IP_RSVP":"rsvp"},
        {"IP_GRE":"gre"},
        {"IP_AUTH":"ah"},
        {"IP_L2TP":"l2tp"},
        {"IP_IN_IP":"ipv4"},
        {"58":"icmp6"},
        {"112":"vrrp"},
        {"__number__":"__number__"}
      ]
    },
    {
      "oc": "/network-instances/network-instance/policy-forwarding/policies/policy/rules/rule/ipv6/{config,state}/hop-limit",
      "supported": false
    },
    {
      "oc": "/network-instances/network-instance/policy-forwarding/policies/policy/rules/rule/ipv6/icmpv6",
      "supported": false
    },
    {
      "oc": "/network-instances/network-instance/policy-forwarding/policies/policy/rules/rule/transport",
      "srlinux": "/network-instance/policy-forwarding/policy/rule/match/transport",
      "feature-flagged": true
    },
    {
      "oc": "/network-instances/network-instance/policy-forwarding/policies/policy/rules/rule/transport/{config,state}",
      "srlinux": ""
    },
    {
      "oc": "/network-instances/network-instance/policy-forwarding/policies/policy/rules/rule/transport/{config,state}/source-port",
      "srlinux": "/network-instance/policy-forwarding/policy/rule/match/transport/source-port",
      "feature-flagged": true
    },
    {
      "oc": "/network-instances/network-instance/policy-forwarding/policies/policy/rules/rule/transport/{config,state}/source-port-set",
      "supported": false
    },
    {
      "oc": "/network-instances/network-instance/policy-forwarding/policies/policy/rules/rule/transport/{config,state}/destination-port",
      "srlinux": "/network-instance/policy-forwarding/policy/rule/match/transport/destination-port",
      "feature-flagged": true
    },
    {
      "oc": "/network-instances/network-instance/policy-forwarding/policies/policy/rules/rule/transport/{config,state}/destination-port-set",
      "supported": false
    },
    {
      "oc": "/network-instances/network-instance/policy-forwarding/policies/policy/rules/rule/transport/{config,state}/detail-mode",
      "supported": false
    },
    {
      "oc": "/network-instances/network-instance/policy-forwarding/policies/policy/rules/rule/transport/{config,state}/explicit-detail-match-mode",
      "supported": false
    },
    {
      "oc": "/network-instances/network-instance/policy-forwarding/policies/policy/rules/rule/transport/{config,state}/explicit-tcp-flags",
      "supported": false
    },
    {
      "oc": "/network-instances/network-instance/policy-forwarding/policies/policy/rules/rule/transport/{config,state}/builtin-detail",
      "supported": false
    },
    {
      "oc": "/network-instances/network-instance/policy-forwarding/policies/policy/rules/rule/transport/{config,state}/tcp-flags",
      "supported": false
    },
    {
      "oc": "/network-instances/network-instance/policy-forwarding/policies/policy/rules/rule/action",
      "srlinux": "/network-instance/policy-forwarding/policy/rule/action",
      "feature-flagged": true
    },
    {
      "oc": "/network-instances/network-instance/policy-forwarding/policies/policy/rules/rule/action/{config,state}",
      "srlinux": ""
    },
    {
      "oc": "/network-instances/network-instance/policy-forwarding/policies/policy/rules/rule/action/{config,state}/discard",
      "supported": false
    },
    {
      "oc": "/network-instances/network-instance/policy-forwarding/policies/policy/rules/rule/action/{config,state}/decapsulate-gre",
      "supported": false
    },
    {
      "oc": "/network-instances/network-instance/policy-forwarding/policies/policy/rules/rule/action/{config,state}/decap-network-instance",
      "supported": false
    },
    {
      "oc": "/network-instances/network-instance/policy-forwarding/policies/policy/rules/rule/action/{config,state}/decap-fallback-network-instance",
      "supported": false
    },
    {
      "oc": "/network-instances/network-instance/policy-forwarding/policies/policy/rules/rule/action/{config,state}/post-decap-network-instance",
      "supported": false
    },
    {
      "oc": "/network-instances/network-instance/policy-forwarding/policies/policy/rules/rule/action/{config,state}/decapsulate-gue",
      "supported": false
    },
    {
      "oc": "/network-instances/network-instance/policy-forwarding/policies/policy/rules/rule/action/{config,state}/decapsulate-mpls-in-udp",
      "supported": false
    },
    {
      "oc": "/network-instances/network-instance/policy-forwarding/policies/policy/rules/rule/action/{config,state}/network-instance",
      "srlinux": "/network-instance/policy-forwarding/policy/rule/action/network-instance",
      "feature-flagged": true
    },
    {
      "oc": "/network-instances/network-instance/policy-forwarding/policies/policy/rules/rule/action/{config,state}/path-selection-group",
      "supported": false
    },
    {
      "oc": "/network-instances/network-instance/policy-forwarding/policies/policy/rules/rule/action/{config,state}/next-hop",
      "srlinux": "/network-instance/policy-forwarding/policy/rule/action/next-hop",
      "feature-flagged": true
    },
    {
      "oc": "/network-instances/network-instance/policy-forwarding/policies/policy/rules/rule/action/encapsulate-gre",
      "srlinux": "/network-instance/policy-forwarding/policy/rule/action/encapsulate-gre",
      "feature-flagged": true
    },
    {
      "oc": "/network-instances/network-instance/policy-forwarding/policies/policy/rules/rule/action/encapsulate-gre/{config,state}",
      "srlinux": ""
    },
    {
      "oc": "/network-instances/network-instance/policy-forwarding/policies/policy/rules/rule/action/encapsulate-gre/{config,state}/identifying-prefix",
      "supported": false
    },
    {
      "oc": "/network-instances/network-instance/policy-forwarding/policies/policy/rules/rule/action/encapsulate-gre/targets",
      "srlinux": ""
    },
    {
      "oc": "/network-instances/network-instance/policy-forwarding/policies/policy/rules/rule/action/encapsulate-gre/targets/target",
      "srlinux": "/network-instance/policy-forwarding/policy/rule/action/encapsulate-gre/target",
      "feature-flagged": true
    },
    {
      "oc": "/network-instances/network-instance/policy-forwarding/policies/policy/rules/rule/action/encapsulate-gre/targets/target/id",
      "srlinux": "/network-instance/policy-forwarding/policy/rule/action/encapsulate-gre/target/id",
      "feature-flagged": true
    },
    {
      "oc": "/network-instances/network-instance/policy-forwarding/policies/policy/rules/rule/action/encapsulate-gre/targets/target/{config,state}",
      "srlinux": ""
    },
    {
      "oc": "/network-instances/network-instance/policy-forwarding/policies/policy/rules/rule/action/encapsulate-gre/targets/target/{config,state}/id",
      "srlinux": ""
    },
    {
      "oc": "/network-instances/network-instance/policy-forwarding/policies/policy/rules/rule/action/encapsulate-gre/targets/target/{config,state}/destination",
      "srlinux": "/network-instance/policy-forwarding/policy/rule/action/encapsulate-gre/target/destination",
      "feature-flagged": true
    },
    {
      "oc": "/network-instances/network-instance/policy-forwarding/policies/policy/rules/rule/action/encapsulate-gre/targets/target/{config,state}/ip-ttl",
      "srlinux": "/network-instance/policy-forwarding/policy/rule/action/encapsulate-gre/target/ip-ttl",
      "feature-flagged": true
	},
    {
      "oc": "/network-instances/network-instance/policy-forwarding/policies/policy/rules/rule/action/encapsulate-gre/targets/target/{config,state}/source",
      "srlinux": "/network-instance/policy-forwarding/policy/rule/action/encapsulate-gre/target/source",
      "feature-flagged": true
	},
    {
      "oc": "/network-instances/network-instance/policy-forwarding/interfaces",
      "srlinux": ""
    },
    {
      "oc": "/network-instances/network-instance/policy-forwarding/interfaces/interface",
      "srlinux": "/network-instance/policy-forwarding/interface",
      "feature-flagged": true
    },
    {
      "oc": "/network-instances/network-instance/policy-forwarding/interfaces/interface/interface-id",
      "srlinux": "/network-instance/policy-forwarding/interface/subinterface",
      "feature-flagged": true
    },
    {
      "oc": "/network-instances/network-instance/policy-forwarding/interfaces/interface/{config,state}",
      "srlinux": ""
    },
    {
      "oc": "/network-instances/network-instance/policy-forwarding/interfaces/interface/{config,state}/interface-id",
      "srlinux": ""
    },
    {
      "oc": "/network-instances/network-instance/policy-forwarding/interfaces/interface/{config,state}/apply-forwarding-policy",
      "supported": false
    },
    {
      "oc": "/network-instances/network-instance/policy-forwarding/interfaces/interface/{config,state}/apply-vrf-selection-policy",
      "srlinux": "/network-instance/policy-forwarding/interface/apply-forwarding-policy",
      "feature-flagged": true
    },
    {
      "oc": "/network-instances/network-instance/policy-forwarding/interfaces/interface/interface-ref",
      "srlinux": "/network-instance/policy-forwarding/interface/interface-ref",
      "feature-flagged": true
    },
    {
      "oc": "/network-instances/network-instance/policy-forwarding/interfaces/interface/interface-ref/{config,state}",
      "srlinux": ""
    },
    {
      "oc": "/network-instances/network-instance/policy-forwarding/interfaces/interface/interface-ref/{config,state}/interface",
      "srlinux": "/network-instance/policy-forwarding/interface/interface-ref/interface",
      "feature-flagged": true
    },
    {
      "oc": "/network-instances/network-instance/policy-forwarding/interfaces/interface/interface-ref/{config,state}/subinterface",
      "srlinux": "/network-instance/policy-forwarding/interface/interface-ref/subinterface",
      "feature-flagged": true
    },
    {
      "oc": "/network-instances/network-instance/policy-forwarding/path-selection-groups",
      "supported": false
    }
  ]
}
