{
  "mapping": [
    {
        "oc": "/interfaces/interface/{config,state}/id",
        "srlinux": "/srl_nokia-if:interface/srl_nokia-interfaces-p4rt:p4rt/srl_nokia-interfaces-p4rt:id"
    },
    {
        "oc": "/components/component/integrated-circuit/{config,state}/node-id",
        "srlinux": "/srl_nokia-platform:platform/srl_nokia-platform-lc:linecard/srl_nokia-platform-lc:forwarding-complex/srl_nokia-platform-p4rt:p4rt/srl_nokia-platform-p4rt:id",
        "deviations": {
          "add": {
            "must": [
              {
                "expression": "../../../config/name == '^SwitchChip'",
                "error-message": "node-id may only be set for integrated-circuit components" 
              }
            ]
          }
        }
    }
  ]
}
