{
  "mapping": [
    {
      "oc": "/routing-policy/defined-sets/bgp-defined-sets",
      "srlinux": ""
    },
    {
      "oc": "/routing-policy/defined-sets/bgp-defined-sets/community-sets",
      "srlinux": ""
    },
    {
      "oc": "/routing-policy/defined-sets/bgp-defined-sets/community-sets/community-set",
      "srlinux": "/routing-policy/community-set"
    },
    {
      "oc": "/routing-policy/defined-sets/bgp-defined-sets/community-sets/community-set/community-set-name",
      "srlinux": "/routing-policy/community-set/name"
    },
    {
      "oc": "/routing-policy/defined-sets/bgp-defined-sets/community-sets/community-set/{config,state}",
      "srlinux": ""
    },
    {
      "oc": "/routing-policy/defined-sets/bgp-defined-sets/community-sets/community-set/{config,state}/community-set-name",
      "srlinux": ""
    },
    {
      "oc": "/routing-policy/defined-sets/bgp-defined-sets/community-sets/community-set/{config,state}/community-member",
      "srlinux": "/routing-policy/community-set/member"
    },
    {
      "oc": "/routing-policy/defined-sets/bgp-defined-sets/community-sets/community-set/{config,state}/match-set-options",
      "srlinux": "/routing-policy/community-set/match-set-options",
      "mapping": [
        {"ANY": "any"},
        {"ALL": "all"},
        {"INVERT": "invert"}
      ]
    },
    {
      "oc": "/routing-policy/defined-sets/bgp-defined-sets/community-sets/community-set/{config,state}/community-member/community-member",
      "srlinux": "/routing-policy/community-set/member/member",
      "transform": "bgp-policy-community-member-transform"
    },
    {
      "oc": "/routing-policy/defined-sets/bgp-defined-sets/ext-community-sets",
      "srlinux": ""
    },
    {
      "oc": "/routing-policy/defined-sets/bgp-defined-sets/ext-community-sets/ext-community-set",
      "srlinux": "/routing-policy/extended-community-set",
      "feature-flagged": true
    },
    {
      "oc": "/routing-policy/defined-sets/bgp-defined-sets/ext-community-sets/ext-community-set/ext-community-set-name",
      "srlinux": "/routing-policy/extended-community-set/name",
      "feature-flagged": true
    },
    {
      "oc": "/routing-policy/defined-sets/bgp-defined-sets/ext-community-sets/ext-community-set/{config,state}",
      "srlinux": ""
    },
    {
      "oc": "/routing-policy/defined-sets/bgp-defined-sets/ext-community-sets/ext-community-set/{config,state}/ext-community-set-name",
      "srlinux": ""
    },
    {
      "oc": "/routing-policy/defined-sets/bgp-defined-sets/ext-community-sets/ext-community-set/{config,state}/ext-community-member",
      "srlinux": "/routing-policy/extended-community-set/member",
      "feature-flagged": true
    },
    {
      "oc": "/routing-policy/defined-sets/bgp-defined-sets/ext-community-sets/ext-community-set/{config,state}/match-set-options",
      "supported": false
    },
    {
      "oc": "/routing-policy/defined-sets/bgp-defined-sets/ext-community-sets/ext-community-set/{config,state}/ext-community-member/ext-community-member",
      "srlinux": "/routing-policy/extended-community-set/member/member",
      "transform": "bgp-policy-ext-community-member-transform",
      "feature-flagged": true
    },
    {
      "oc": "/routing-policy/defined-sets/bgp-defined-sets/as-path-sets",
      "srlinux": ""
    },
    {
      "oc": "/routing-policy/defined-sets/bgp-defined-sets/as-path-sets/as-path-set",
      "srlinux": "/routing-policy/as-path-set",
      "pretranslate-transform":"routing-policy-as-path-set-transform",
      "add-to-cache": true
    },
    {
      "oc": "/routing-policy/defined-sets/bgp-defined-sets/as-path-sets/as-path-set/as-path-set-name",
      "srlinux": "/routing-policy/as-path-set/name"
    },
    {
      "oc": "/routing-policy/defined-sets/bgp-defined-sets/as-path-sets/as-path-set/{config,state}",
      "srlinux": ""
    },
    {
      "oc": "/routing-policy/defined-sets/bgp-defined-sets/as-path-sets/as-path-set/{config,state}/as-path-set-name",
      "srlinux": ""
    },
    {
      "oc": "/routing-policy/defined-sets/bgp-defined-sets/as-path-sets/as-path-set/{config,state}/as-path-set-member",
      "srlinux": "",
      "pretranslate-transform":"routing-policy-as-path-set-transform",
      "special-handling": "concatenation-of-leaf-list-members-into-one-string"
    },
    {
      "oc": "/routing-policy/defined-sets/bgp-defined-sets/as-path-sets/as-path-set/{config,state}/as-path-set-member/as-path-set-member",
      "srlinux": "",
      "special-handling": "concatenation-of-leaf-list-members-into-one-string"
    },
    {
      "oc": "/routing-policy/policy-definitions/policy-definition/statements/statement/conditions/bgp-conditions",
      "srlinux": ""
    },
    {
      "oc": "/routing-policy/policy-definitions/policy-definition/statements/statement/conditions/bgp-conditions/{config,state}",
      "srlinux": ""
    },
    {
      "oc": "/routing-policy/policy-definitions/policy-definition/statements/statement/conditions/bgp-conditions/{config,state}/med-eq",
      "supported": false
    },
    {
      "oc": "/routing-policy/policy-definitions/policy-definition/statements/statement/conditions/bgp-conditions/{config,state}/origin-eq",
      "supported": false
    },
    {
      "oc": "/routing-policy/policy-definitions/policy-definition/statements/statement/conditions/bgp-conditions/{config,state}/next-hop-in",
      "supported": false
    },
    {
      "oc": "/routing-policy/policy-definitions/policy-definition/statements/statement/conditions/bgp-conditions/{config,state}/afi-safi-in",
      "srlinux": "/routing-policy/policy/statement/match/family",
      "special-handling": "not-all-values-supported-and-string-conversion-needed"
    },
    {
      "oc": "/routing-policy/policy-definitions/policy-definition/statements/statement/conditions/bgp-conditions/{config,state}/afi-safi-in/afi-safi-in",
      "srlinux": "/routing-policy/policy/statement/match/family/family",
      "mapping": [
        {"IPV4_UNICAST": "ipv4-unicast"},
        {"IPV6_UNICAST": "ipv6-unicast"},
        {"L2VPN_EVPN"  : "evpn"},
        {"IPV4_LABELED_UNICAST" : "ipv4-labeled-unicast" },
        {"IPV6_LABELED_UNICAST" : "ipv6-labeled-unicast" },
        {"L3VPN_IPV4_UNICAST" : "l3vpn-ipv4-unicast"},
        {"L3VPN_IPV6_UNICAST" : "l3vpn-ipv6-unicast"},
        {"<clear>"   : "route-target"}
      ]
    },
    {
      "oc": "/routing-policy/policy-definitions/policy-definition/statements/statement/conditions/bgp-conditions/{config,state}/local-pref-eq",
      "supported": false
    },
    {
      "oc": "/routing-policy/policy-definitions/policy-definition/statements/statement/conditions/bgp-conditions/{config,state}/route-type",
      "supported": false
    },
    {
      "oc": "/routing-policy/policy-definitions/policy-definition/statements/statement/conditions/bgp-conditions/{config,state}/community-set",
      "srlinux": "/routing-policy/policy/statement/match/bgp/community-set"
    },
    {
      "oc": "/routing-policy/policy-definitions/policy-definition/statements/statement/conditions/bgp-conditions/{config,state}/ext-community-set",
      "supported": false
    },
    {
      "oc": "/routing-policy/policy-definitions/policy-definition/statements/statement/conditions/bgp-conditions/match-ext-community-set",
      "srlinux": ""
    },
    {
      "oc": "/routing-policy/policy-definitions/policy-definition/statements/statement/conditions/bgp-conditions/match-ext-community-set/{config,state}",
      "srlinux": "/routing-policy/policy/statement/match/bgp/extended-community",
      "feature-flagged": true
    },
    {
      "oc": "/routing-policy/policy-definitions/policy-definition/statements/statement/conditions/bgp-conditions/match-ext-community-set/{config,state}/ext-community-set",
      "srlinux": "/routing-policy/policy/statement/match/bgp/extended-community/extended-community-set",
      "feature-flagged": true
    },
    {
      "oc": "/routing-policy/policy-definitions/policy-definition/statements/statement/conditions/bgp-conditions/match-ext-community-set/{config,state}/match-set-options",
      "srlinux": "/routing-policy/policy/statement/match/bgp/extended-community/match-set-options",
      "mapping": [
        {"ANY": "any"},
        {"ALL": "all"},
        {"INVERT": "invert"}
      ],
      "feature-flagged": true
    },
    {
      "oc": "/routing-policy/policy-definitions/policy-definition/statements/statement/conditions/bgp-conditions/community-count",
      "supported": false
    },
    {
      "oc": "/routing-policy/policy-definitions/policy-definition/statements/statement/conditions/bgp-conditions/community-count/{config,state}",
      "supported": false
    },
    {
      "oc": "/routing-policy/policy-definitions/policy-definition/statements/statement/conditions/bgp-conditions/community-count/{config,state}/operator",
      "supported": false
    },
    {
      "oc": "/routing-policy/policy-definitions/policy-definition/statements/statement/conditions/bgp-conditions/community-count/{config,state}/value",
      "supported": false
    },
    {
      "oc": "/routing-policy/policy-definitions/policy-definition/statements/statement/conditions/bgp-conditions/as-path-length",
      "srlinux": "/routing-policy/policy/statement/match/bgp/as-path-length"
    },
    {
      "oc": "/routing-policy/policy-definitions/policy-definition/statements/statement/conditions/bgp-conditions/as-path-length/{config,state}",
      "srlinux": ""
    },
    {
      "oc": "/routing-policy/policy-definitions/policy-definition/statements/statement/conditions/bgp-conditions/as-path-length/{config,state}/operator",
      "srlinux": "/routing-policy/policy/statement/match/bgp/as-path-length/operator",
      "mapping": [
        {"ATTRIBUTE_EQ": "eq"},
        {"ATTRIBUTE_GE": "ge"},
        {"ATTRIBUTE_LE": "le"}
      ]
    },
    {
      "oc": "/routing-policy/policy-definitions/policy-definition/statements/statement/conditions/bgp-conditions/as-path-length/{config,state}/value",
      "srlinux": "/routing-policy/policy/statement/match/bgp/as-path-length/value",
      "deviations": {
        "add": {
            "must": [
            {
                "expression": ". <= 255",
                "error-message": "max supported is 255"
            }
            ]
        }
      }
    },
    {
      "oc": "/routing-policy/policy-definitions/policy-definition/statements/statement/conditions/bgp-conditions/match-as-path-set",
      "srlinux": ""
    },
    {
      "oc": "/routing-policy/policy-definitions/policy-definition/statements/statement/conditions/bgp-conditions/match-as-path-set/{config,state}",
      "srlinux": ""
    },
    {
      "oc": "/routing-policy/policy-definitions/policy-definition/statements/statement/conditions/bgp-conditions/match-as-path-set/{config,state}/as-path-set",
      "srlinux": "/routing-policy/policy/statement/match/bgp/as-path-set"
    },
    {
      "oc": "/routing-policy/policy-definitions/policy-definition/statements/statement/conditions/bgp-conditions/match-as-path-set/{config,state}/match-set-options",
      "supported": false
    },
    {
      "oc": "/routing-policy/policy-definitions/policy-definition/statements/statement/conditions/bgp-conditions/match-community-set",
      "supported": false
    },
    {
      "oc": "/routing-policy/policy-definitions/policy-definition/statements/statement/actions/bgp-actions",
      "srlinux": "/routing-policy/policy/statement/action/bgp"
    },
    {
      "oc": "/routing-policy/policy-definitions/policy-definition/statements/statement/actions/bgp-actions/{config,state}",
      "srlinux": ""
    },
    {
      "oc": "/routing-policy/policy-definitions/policy-definition/statements/statement/actions/bgp-actions/{config,state}/set-route-origin",
      "srlinux": "/routing-policy/policy/statement/action/bgp/origin/set",
      "mapping": [
        {"EGP": "egp"},
        {"IGP": "igp"},
        {"INCOMPLETE": "incomplete"}
      ]
    },
    {
      "oc": "/routing-policy/policy-definitions/policy-definition/statements/statement/actions/bgp-actions/{config,state}/set-local-pref",
      "srlinux": "/routing-policy/policy/statement/action/bgp/local-preference/set"
    },
    {
      "oc": "/routing-policy/policy-definitions/policy-definition/statements/statement/actions/bgp-actions/{config,state}/set-next-hop",
      "srlinux": "/routing-policy/policy/statement/action/bgp/next-hop/set",
      "type": "srl_nokia-common:bgp-next-hop-type",
      "mapping": [
        {"SELF": "self"},
        {"__number__":"__number__"}
      ]
    },
    {
      "oc": "/routing-policy/policy-definitions/policy-definition/statements/statement/actions/bgp-actions/{config,state}/set-med",
      "srlinux": "/routing-policy/policy/statement/action/bgp/med/set",
      "type": "srl_nokia-common:bgp-set-med-type",
      "mapping": [
        {"IGP": "route-table-cost"},
        {"__number__":"__number__"}
      ],
      "deviations": {
        "add": {
            "must": [
            {
              "expression": "not (starts-with(.,'+') or starts-with(.,'-'))",
              "error-message": "+- med value not mapped to SRL"
            }
            ]
        }
      }
    },
    {
      "oc": "/routing-policy/policy-definitions/policy-definition/statements/statement/actions/bgp-actions/set-as-path-prepend",
      "srlinux": ""
    },
    {
      "oc": "",
      "srlinux": "/routing-policy/policy/statement/action/bgp/as-path/prepend",
      "pretranslate-transform":"routing-policy-as-path-prepend-transform"
    },
    {
      "oc": "/routing-policy/policy-definitions/policy-definition/statements/statement/actions/bgp-actions/set-as-path-prepend/{config,state}",
      "srlinux": "",
      "pretranslate-transform":"routing-policy-as-path-prepend-transform"
    },
    {
      "oc": "/routing-policy/policy-definitions/policy-definition/statements/statement/actions/bgp-actions/set-as-path-prepend/{config,state}/repeat-n",
      "srlinux": "",
      "deviations": {
        "add": {
            "must": [
            {
                "expression": ". <= 50",
                "error-message": "max supported is 50"
            }
            ]
        }
      }
    },
    {
      "oc": "/routing-policy/policy-definitions/policy-definition/statements/statement/actions/bgp-actions/set-as-path-prepend/{config,state}/asn",
      "srlinux": "",
      "deviations": {
        "add": {
            "must": [
            {
                "expression": ". != 0",
                "error-message": "asn zero is not supported"
            }
            ]
        }
      }
    },
    {
      "oc": "/routing-policy/policy-definitions/policy-definition/statements/statement/actions/bgp-actions/set-community",
      "srlinux": ""
    },
    {
      "oc": "/routing-policy/policy-definitions/policy-definition/statements/statement/actions/bgp-actions/set-community/config",
      "srlinux": ""
    },
    {
      "oc": "/routing-policy/policy-definitions/policy-definition/statements/statement/actions/bgp-actions/set-community/state",
      "srlinux": "",
      "pretranslate-transform":"routing-policy-community-action-node-transform"
    },
    {
      "oc": "",
      "srlinux": "/routing-policy/policy/statement/action/bgp/communities"
    },
    {
      "oc": "",
      "srlinux": "/routing-policy/policy/statement/action/bgp/communities/add",
      "pretranslate-transform":"routing-policy-community-action-transform"
    },
    {
      "oc": "",
      "srlinux": "/routing-policy/policy/statement/action/bgp/communities/remove",
      "pretranslate-transform":"routing-policy-community-action-transform"
    },
    {
      "oc": "",
      "srlinux": "/routing-policy/policy/statement/action/bgp/communities/replace",
      "pretranslate-transform":"routing-policy-community-action-transform"
    },
    {
      "oc": "/routing-policy/policy-definitions/policy-definition/statements/statement/actions/bgp-actions/set-community/{config,state}/method",
      "supported": false
    },
    {
      "oc": "/routing-policy/policy-definitions/policy-definition/statements/statement/actions/bgp-actions/set-community/{config,state}/options",
      "srlinux": "",
      "pretranslate-transform":"routing-policy-community-action-transform",
      "special-handling": "enum-determines-srlinux-leaf"
    },
    {
      "oc": "/routing-policy/policy-definitions/policy-definition/statements/statement/actions/bgp-actions/set-community/inline",
      "supported": false
    },
    {
      "oc": "/routing-policy/policy-definitions/policy-definition/statements/statement/actions/bgp-actions/set-community/inline/{config,state}",
      "supported": false
    },
    {
      "oc": "/routing-policy/policy-definitions/policy-definition/statements/statement/actions/bgp-actions/set-community/inline/{config,state}/communities",
      "supported": false
    },
    {
      "oc": "/routing-policy/policy-definitions/policy-definition/statements/statement/actions/bgp-actions/set-community/reference",
      "srlinux": ""
    },
    {
      "oc": "/routing-policy/policy-definitions/policy-definition/statements/statement/actions/bgp-actions/set-community/reference/config",
      "srlinux": ""
    },
    {
      "oc": "/routing-policy/policy-definitions/policy-definition/statements/statement/actions/bgp-actions/set-community/reference/state",
      "srlinux": "",
      "pretranslate-transform":"routing-policy-community-action-node-transform"
    },
    {
      "oc": "/routing-policy/policy-definitions/policy-definition/statements/statement/actions/bgp-actions/set-community/reference/{config,state}/community-set-ref",
      "srlinux": "",
      "pretranslate-transform":"routing-policy-community-action-transform"
    },
    {
      "oc": "/routing-policy/policy-definitions/policy-definition/statements/statement/actions/bgp-actions/set-community/reference/{config,state}/community-set-refs",
      "supported": false
    },
    {
      "oc": "/routing-policy/policy-definitions/policy-definition/statements/statement/actions/bgp-actions/set-ext-community",
      "srlinux": ""
    },
    {
      "oc": "/routing-policy/policy-definitions/policy-definition/statements/statement/actions/bgp-actions/set-ext-community/{config,state}",
      "srlinux": "/routing-policy/policy/statement/action/bgp/extended-community",
      "feature-flagged": true
    },
    {
      "oc": "/routing-policy/policy-definitions/policy-definition/statements/statement/actions/bgp-actions/set-ext-community/{config,state}/method",
      "srlinux": "/routing-policy/policy/statement/action/bgp/extended-community/method",
      "mapping": [
        {"REFERENCE": "reference"}
      ],
      "deviations": {
        "add": {
            "must": [
            {
              "expression": "(.='REFERENCE')",
              "error-message": "only REFERENCE method is supported"
            }
            ]
        }
      },
      "feature-flagged": true
    },
    {
      "oc": "/routing-policy/policy-definitions/policy-definition/statements/statement/actions/bgp-actions/set-ext-community/{config,state}/options",
      "srlinux": "/routing-policy/policy/statement/action/bgp/extended-community/operation",
      "mapping": [
        {"ADD": "add"},
        {"REMOVE": "remove"},
        {"REPLACE": "replace"}
      ],
      "feature-flagged": true
    },
    {
      "oc": "/routing-policy/policy-definitions/policy-definition/statements/statement/actions/bgp-actions/set-ext-community/inline",
      "supported": false
    },
    {
      "oc": "/routing-policy/policy-definitions/policy-definition/statements/statement/actions/bgp-actions/set-ext-community/inline/{config,state}",
      "supported": false
    },
    {
      "oc": "/routing-policy/policy-definitions/policy-definition/statements/statement/actions/bgp-actions/set-ext-community/inline/{config,state}/communities",
      "supported": false
    },
    {
      "oc": "/routing-policy/policy-definitions/policy-definition/statements/statement/actions/bgp-actions/set-ext-community/reference",
      "srlinux": ""
    },
    {
      "oc": "/routing-policy/policy-definitions/policy-definition/statements/statement/actions/bgp-actions/set-ext-community/reference/{config,state}",
      "srlinux": ""
    },
    {
      "oc": "/routing-policy/policy-definitions/policy-definition/statements/statement/actions/bgp-actions/set-ext-community/reference/{config,state}/ext-community-set-ref",
      "supported": false
    },
    {
      "oc": "/routing-policy/policy-definitions/policy-definition/statements/statement/actions/bgp-actions/set-ext-community/reference/{config,state}/ext-community-set-refs",
      "srlinux": "/routing-policy/policy/statement/action/bgp/extended-community/referenced-sets",
      "feature-flagged": true
    },
    {
      "oc": "/routing-policy/policy-definitions/policy-definition/statements/statement/actions/bgp-actions/set-ext-community/reference/{config,state}/ext-community-set-refs/ext-community-set-refs",
      "srlinux": "/routing-policy/policy/statement/action/bgp/extended-community/referenced-sets/referenced-sets",
      "feature-flagged": true
    }
  ]
}
