{
  "mapping": [
    {
      "oc": "/routing-policy",
      "srlinux": "/routing-policy"
    },
    {
      "oc": "/routing-policy/defined-sets",
      "srlinux": ""
    },
    {
      "oc": "/routing-policy/defined-sets/prefix-sets",
      "srlinux": ""
    },
    {
      "oc": "/routing-policy/defined-sets/prefix-sets/prefix-set",
      "srlinux": "/routing-policy/prefix-set"
    },
    {
      "oc": "/routing-policy/defined-sets/prefix-sets/prefix-set/name",
      "srlinux": "/routing-policy/prefix-set/name"
    },
    {
      "oc": "/routing-policy/defined-sets/prefix-sets/prefix-set/{config,state}",
      "srlinux": ""
    },
    {
      "oc": "/routing-policy/defined-sets/prefix-sets/prefix-set/{config,state}/name",
      "srlinux": ""
    },
    {
      "oc": "/routing-policy/defined-sets/prefix-sets/prefix-set/{config,state}/mode",
      "supported": false
    },
    {
      "oc": "/routing-policy/defined-sets/prefix-sets/prefix-set/prefixes",
      "srlinux": ""
    },
    {
      "oc": "/routing-policy/defined-sets/prefix-sets/prefix-set/prefixes/prefix",
      "srlinux": "/routing-policy/prefix-set/prefix"
    },
    {
      "oc": "/routing-policy/defined-sets/prefix-sets/prefix-set/prefixes/prefix/ip-prefix",
      "srlinux": "/routing-policy/prefix-set/prefix/ip-prefix"
    },
    {
      "oc": "/routing-policy/defined-sets/prefix-sets/prefix-set/prefixes/prefix/masklength-range",
      "srlinux": "/routing-policy/prefix-set/prefix/mask-length-range"
    },
    {
      "oc": "/routing-policy/defined-sets/prefix-sets/prefix-set/prefixes/prefix/{config,state}",
      "srlinux": ""
    },
    {
      "oc": "/routing-policy/defined-sets/prefix-sets/prefix-set/prefixes/prefix/{config,state}/ip-prefix",
      "srlinux": "",
      "type": "srl_nokia-common:ip-prefix"
    },
    {
      "oc": "/routing-policy/defined-sets/prefix-sets/prefix-set/prefixes/prefix/{config,state}/masklength-range",
      "srlinux": ""
    },
    {
      "oc": "/routing-policy/defined-sets/neighbor-sets",
      "supported": false
    },
    {
      "oc": "/routing-policy/defined-sets/neighbor-sets/neighbor-set",
      "supported": false
    },
    {
      "oc": "/routing-policy/defined-sets/neighbor-sets/neighbor-set/name",
      "supported": false
    },
    {
      "oc": "/routing-policy/defined-sets/neighbor-sets/neighbor-set/{config,state}",
      "supported": false
    },
    {
      "oc": "/routing-policy/defined-sets/neighbor-sets/neighbor-set/{config,state}/name",
      "supported": false
    },
    {
      "oc": "/routing-policy/defined-sets/neighbor-sets/neighbor-set/{config,state}/address",
      "supported": false
    },
    {
      "oc": "/routing-policy/defined-sets/tag-sets",
      "srlinux": ""
    },
    {
      "oc": "/routing-policy/defined-sets/tag-sets/tag-set",
      "srlinux": "/routing-policy/tag-set"
    },
    {
      "oc": "/routing-policy/defined-sets/tag-sets/tag-set/name",
      "srlinux": "/routing-policy/tag-set/name"
    },
    {
      "oc": "/routing-policy/defined-sets/tag-sets/tag-set/{config,state}",
      "srlinux": ""
    },
    {
      "oc": "/routing-policy/defined-sets/tag-sets/tag-set/{config,state}/name",
      "srlinux": ""
    },
    {
      "oc": "/routing-policy/defined-sets/tag-sets/tag-set/{config,state}/tag-value",
      "srlinux": "/routing-policy/tag-set/tag-value"
    },
    {
      "oc": "/routing-policy/defined-sets/tag-sets/tag-set/{config,state}/tag-value/tag-value",
      "srlinux": "/routing-policy/tag-set/tag-value/tag-value"
    },
    {
      "oc": "/routing-policy/policy-definitions",
      "srlinux": ""
    },
    {
      "oc": "/routing-policy/policy-definitions/policy-definition",
      "srlinux": "/routing-policy/policy"
    },
    {
      "oc": "/routing-policy/policy-definitions/policy-definition/name",
      "srlinux": "/routing-policy/policy/name"
    },
    {
      "oc": "/routing-policy/policy-definitions/policy-definition/{config,state}",
      "srlinux": ""
    },
    {
      "oc": "/routing-policy/policy-definitions/policy-definition/{config,state}/name",
      "srlinux": ""
    },
    {
      "oc": "/routing-policy/policy-definitions/policy-definition/statements",
      "srlinux": ""
    },
    {
      "oc": "/routing-policy/policy-definitions/policy-definition/statements/statement",
      "srlinux": "/routing-policy/policy/statement"
    },
    {
      "oc": "/routing-policy/policy-definitions/policy-definition/statements/statement/name",
      "srlinux": "/routing-policy/policy/statement/name"
    },
    {
      "oc": "/routing-policy/policy-definitions/policy-definition/statements/statement/{config,state}",
      "srlinux": ""
    },
    {
      "oc": "/routing-policy/policy-definitions/policy-definition/statements/statement/{config,state}/name",
      "srlinux": ""
    },
    {
      "oc": "/routing-policy/policy-definitions/policy-definition/statements/statement/conditions",
      "srlinux": "/routing-policy/policy/statement/match"
    },
    {
      "oc": "/routing-policy/policy-definitions/policy-definition/statements/statement/conditions/{config,state}",
      "srlinux": ""
    },
    {
      "oc": "/routing-policy/policy-definitions/policy-definition/statements/statement/conditions/{config,state}/call-policy",
      "supported": false
    },
    {
      "oc": "/routing-policy/policy-definitions/policy-definition/statements/statement/conditions/{config,state}/install-protocol-eq",
      "srlinux": "/routing-policy/policy/statement/match/protocol",
      "deviations": {
        "add": {
            "must": [
            {
                "expression": ". != 'GRIBI'",
                "error-message": "GRIBI is not supported in protocol match"
            }
            ]
        }
      },
      "mapping": [
          {"BGP": "bgp"},
          {"ISIS": "isis"},
          {"OSPF": "ospfv2"},
          {"OSPF3": "ospfv3"},
          {"STATIC": "static"},
          {"DIRECTLY_CONNECTED": "local"},
          {"LOCAL_AGGREGATE": "aggregate"},
          {"LOCAL": "host"},
          {"<clear>": "arp-nd"},
          {"<clear>": "bgp-evpn"},
          {"<clear>": "dhcp"},
          {"<clear>": "bgp-ipvpn"},
          {"<clear>": "bgp-label"}
        ]
    },
    {
      "oc": "/routing-policy/policy-definitions/policy-definition/statements/statement/conditions/match-interface",
      "supported": false
    },
    {
      "oc": "/routing-policy/policy-definitions/policy-definition/statements/statement/conditions/match-interface/{config,state}",
      "supported": false
    },
    {
      "oc": "/routing-policy/policy-definitions/policy-definition/statements/statement/conditions/match-interface/{config,state}/interface",
      "supported": false
    },
    {
      "oc": "/routing-policy/policy-definitions/policy-definition/statements/statement/conditions/match-interface/{config,state}/subinterface",
      "supported": false
    },
    {
      "oc": "/routing-policy/policy-definitions/policy-definition/statements/statement/conditions/match-prefix-set",
      "srlinux": ""
    },
    {
      "oc": "/routing-policy/policy-definitions/policy-definition/statements/statement/conditions/match-prefix-set/{config,state}",
      "srlinux": ""
    },
    {
      "oc": "/routing-policy/policy-definitions/policy-definition/statements/statement/conditions/match-prefix-set/{config,state}/prefix-set",
      "srlinux": "/routing-policy/policy/statement/match/prefix-set"
    },
    {
      "oc": "/routing-policy/policy-definitions/policy-definition/statements/statement/conditions/match-prefix-set/{config,state}/match-set-options",
      "supported": false
    },
    {
      "oc": "/routing-policy/policy-definitions/policy-definition/statements/statement/conditions/match-neighbor-set",
      "supported": false
    },
    {
      "oc": "/routing-policy/policy-definitions/policy-definition/statements/statement/conditions/match-neighbor-set/{config,state}",
      "supported": false
    },
    {
      "oc": "/routing-policy/policy-definitions/policy-definition/statements/statement/conditions/match-neighbor-set/{config,state}/neighbor-set",
      "supported": false
    },
    {
      "oc": "/routing-policy/policy-definitions/policy-definition/statements/statement/conditions/match-neighbor-set/{config,state}/match-set-options",
      "supported": false
    },
    {
      "oc": "/routing-policy/policy-definitions/policy-definition/statements/statement/conditions/match-tag-set",
      "srlinux": "",
      "pretranslate-transform":"routing-policy-tag-set-match-transform"

    },
    {
      "oc": "",
      "srlinux": "/routing-policy/policy/statement/match/internal-tags",
      "pretranslate-transform":"routing-policy-tag-set-match-transform"
    },
    {
      "oc": "",
      "srlinux": "/routing-policy/policy/statement/match/internal-tags/tag-set",
      "pretranslate-transform":"routing-policy-tag-set-match-transform"
    },
    {
      "oc": "",
      "srlinux": "/routing-policy/policy/statement/match/internal-tags/tag-set/tag-set"
    },
    {
      "oc": "",
      "srlinux": "/routing-policy/policy/statement/match/internal-tags/match-set-options",
      "feature-flagged": true
    },
    {
      "oc": "/routing-policy/policy-definitions/policy-definition/statements/statement/conditions/match-tag-set/{config,state}",
      "srlinux": "",
      "pretranslate-transform":"routing-policy-tag-set-match-transform"
    },
    {
      "oc": "/routing-policy/policy-definitions/policy-definition/statements/statement/conditions/match-tag-set/{config,state}/tag-set",
      "srlinux": ""
    },
    {
      "oc": "/routing-policy/policy-definitions/policy-definition/statements/statement/conditions/match-tag-set/{config,state}/match-set-options",
      "srlinux": ""
    },
    {
      "oc": "/routing-policy/policy-definitions/policy-definition/statements/statement/actions",
      "srlinux": "/routing-policy/policy/statement/action"
    },
    {
      "oc": "/routing-policy/policy-definitions/policy-definition/statements/statement/actions/{config,state}",
      "srlinux": ""
    },
    {
      "oc": "/routing-policy/policy-definitions/policy-definition/statements/statement/actions/{config,state}/policy-result",
      "srlinux": "/routing-policy/policy/statement/action/policy-result",
      "mapping": [
        {"ACCEPT_ROUTE": "accept"},
        {"REJECT_ROUTE": "reject"},
        {"NEXT_STATEMENT": "next-statement"},
        {"<clear>": "next-policy"}
      ]
    },
    {
      "oc": "/routing-policy/policy-definitions/policy-definition/statements/statement/actions/set-tag",
      "srlinux": ""
    },
    {
      "oc": "/routing-policy/policy-definitions/policy-definition/statements/statement/actions/set-tag/{config,state}",
      "srlinux": ""
    },
    {
      "oc": "/routing-policy/policy-definitions/policy-definition/statements/statement/actions/set-tag/{config,state}/mode",
      "supported": false
    },
    {
      "oc": "/routing-policy/policy-definitions/policy-definition/statements/statement/actions/set-tag/inline",
      "supported": false
    },
    {
      "oc": "/routing-policy/policy-definitions/policy-definition/statements/statement/actions/set-tag/inline/{config,state}",
      "supported": false
    },
    {
      "oc": "/routing-policy/policy-definitions/policy-definition/statements/statement/actions/set-tag/inline/{config,state}/tag",
      "supported": false
    },
    {
      "oc": "/routing-policy/policy-definitions/policy-definition/statements/statement/actions/set-tag/reference",
      "srlinux": "",
      "pretranslate-transform":"routing-policy-tag-set-action-transform"
    },
    {
      "oc": "/routing-policy/policy-definitions/policy-definition/statements/statement/actions/set-tag/reference/{config,state}",
      "srlinux": "",
      "pretranslate-transform":"routing-policy-tag-set-action-transform"
    },
    {
      "oc": "/routing-policy/policy-definitions/policy-definition/statements/statement/actions/set-tag/reference/{config,state}/tag-set",
      "srlinux": ""
    },
    {
      "oc": "",
      "srlinux": "/routing-policy/policy/statement/action/internal-tags",
      "pretranslate-transform":"routing-policy-tag-set-action-transform"
    },
    {
      "oc": "",
      "srlinux": "/routing-policy/policy/statement/action/internal-tags/set-tag-set",
      "pretranslate-transform":"routing-policy-tag-set-action-transform"
    },
    {
      "oc": "",
      "srlinux": "/routing-policy/policy/statement/action/internal-tags/set-tag-set/set-tag-set"
    }
  ]
}
