{
  "mapping": [
    {
      "oc": "/acl",
      "srlinux": "/acl"
    },
    {
      "oc": "/acl/config",
      "srlinux": ""
    },
    {
      "oc": "/acl/state",
      "supported": false
    },
    {
      "oc": "/acl/state/counter-capability",
      "supported": false
    },
    {
      "oc": "/acl/interfaces",
      "srlinux": ""
    },
    {
      "oc": "/acl/interfaces/interface",
      "srlinux": "/acl/interface"
    },
    {
      "oc": "/acl/interfaces/interface/id",
      "srlinux": "/acl/interface/interface-id"
    },
    {
      "oc": "/acl/interfaces/interface/{config,state}",
      "srlinux": ""
    },
    {
      "oc": "/acl/interfaces/interface/{config,state}/id",
      "srlinux": ""
    },
    {
      "oc": "/acl/interfaces/interface/interface-ref",
      "srlinux": "/acl/interface/interface-ref"
    },
    {
      "oc": "/acl/interfaces/interface/interface-ref/{config,state}",
      "srlinux": ""
    },
    {
      "oc": "/acl/interfaces/interface/interface-ref/{config,state}/interface",
      "srlinux": "/acl/interface/interface-ref/interface"
    },
    {
      "oc": "/acl/interfaces/interface/interface-ref/{config,state}/subinterface",
      "srlinux": "/acl/interface/interface-ref/subinterface"
    },
    {
      "oc": "/acl/acl-sets",
      "srlinux": ""
    },
    {
      "oc": "/acl/acl-sets/acl-set",
      "srlinux": "/acl/acl-filter"
    },
    {
      "oc": "/acl/acl-sets/acl-set/name",
      "srlinux": "/acl/acl-filter/name"
    },
    {
      "oc": "/acl/acl-sets/acl-set/type",
      "srlinux": "/acl/acl-filter/type",
      "mapping": [
        {"ACL_IPV4":"ipv4"},
        {"ACL_IPV6":"ipv6"},
        {"ACL_L2":"mac"},
        {"ACL_MIXED":""},
        {"ACL_MPLS":""}
      ]
    },
    {
      "oc": "/acl/acl-sets/acl-set/{config,state}/name",
      "srlinux": ""
    },
    {
      "oc": "/acl/acl-sets/acl-set/{config,state}",
      "srlinux": ""
    },
    {
      "oc": "/acl/acl-sets/acl-set/{config,state}/type",
      "srlinux": ""
    },
    {
      "oc": "/acl/acl-sets/acl-set/{config,state}/description",
      "srlinux": "/acl/acl-filter/description"
    },
    {
      "oc": "/acl/acl-sets/acl-set/acl-entries",
      "srlinux": ""
    },
    {
      "oc": "/acl/acl-sets/acl-set/acl-entries/acl-entry",
      "srlinux": "/acl/acl-filter/entry"
    },
    {
      "oc": "/acl/acl-sets/acl-set/acl-entries/acl-entry/sequence-id",
      "srlinux": "/acl/acl-filter/entry/sequence-id"
    },
    {
      "oc": "/acl/acl-sets/acl-set/acl-entries/acl-entry/{config,state}",
      "srlinux": ""
    },
    {
      "oc": "/acl/acl-sets/acl-set/acl-entries/acl-entry/{config,state}/sequence-id",
      "srlinux": ""
    },
    {
      "oc": "/acl/acl-sets/acl-set/acl-entries/acl-entry/{config,state}/description",
      "srlinux": "/acl/acl-filter/entry/description"
    },
    {
      "oc": "/acl/acl-sets/acl-set/acl-entries/acl-entry/state/matched-packets",
      "srlinux": "/acl/acl-filter/entry/statistics/matched-packets"
    },
    {
      "oc": "/acl/acl-sets/acl-set/acl-entries/acl-entry/state/matched-octets",
      "supported": false
    },
    {
      "oc": "/acl/acl-sets/acl-set/acl-entries/acl-entry/ipv4",
      "srlinux": "/acl/acl-filter/entry/match/ipv4"
    },
    {
      "oc": "/acl/acl-sets/acl-set/acl-entries/acl-entry/ipv4/{config,state}/source-address",
      "srlinux": "/acl/acl-filter/entry/match/ipv4/source-ip/prefix",
      "type": "srl_nokia-common:ipv4-prefix"
    },
    {
      "oc": "/acl/acl-sets/acl-set/acl-entries/acl-entry/ipv4/{config,state}/source-address-prefix-set",
      "supported": false
    },
    {
      "oc": "/acl/acl-sets/acl-set/acl-entries/acl-entry/ipv4/{config,state}/destination-address",
      "srlinux": "/acl/acl-filter/entry/match/ipv4/destination-ip/prefix",
      "type": "srl_nokia-common:ipv4-prefix"
    },
    {
      "oc": "/acl/acl-sets/acl-set/acl-entries/acl-entry/ipv4/{config,state}/destination-address-prefix-set",
      "supported": false
    },
    {
      "oc": "/acl/acl-sets/acl-set/acl-entries/acl-entry/ipv4/{config,state}/dscp",
      "supported": false
    },
    {
      "oc": "/acl/acl-sets/acl-set/acl-entries/acl-entry/ipv4/{config,state}/dscp-set",
      "srlinux": "/acl/acl-filter/entry/match/ipv4/dscp-set",
      "feature-flagged": true
    },
    {
      "oc": "/acl/acl-sets/acl-set/acl-entries/acl-entry/ipv4/{config,state}/length",
      "supported": false
    },
    {
      "oc": "/acl/acl-sets/acl-set/acl-entries/acl-entry/ipv4/{config,state}/protocol",
      "srlinux": "/acl/acl-filter/entry/match/ipv4/protocol",
      "feature-flagged": true,
      "mapping": [
        {"IP_TCP":"tcp"},
        {"IP_UDP":"udp"},
        {"IP_ICMP":"icmp"},
        {"IP_IGMP":"igmp"},
        {"IP_PIM":"pim"},
        {"IP_RSVP":"rsvp"},
        {"IP_GRE":"gre"},
        {"IP_AUTH":"ah"},
        {"IP_L2TP":"l2tp"},
        {"IP_IN_IP":"ipv4"},
        {"112":"vrrp"},
        {"__number__":"__number__"}
      ]
    },
    {
      "oc": "/acl/acl-sets/acl-set/acl-entries/acl-entry/ipv4/{config,state}/hop-limit",
      "supported": false
    },
    {
      "oc": "/acl/acl-sets/acl-set/acl-entries/acl-entry/ipv4/icmpv4/{config,state}/type",
      // "srlinux": "/acl/acl-filter/entry/match/ipv4/icmp/type"
      "srlinux": ""
    },
    {
      "oc": "",
      "srlinux": "/acl/acl-filter/entry/match/ipv4/icmp/type",
      "pretranslate-transform": "acl-icmp-type-transform"
    },
    {
      "oc": "/acl/acl-sets/acl-set/acl-entries/acl-entry/ipv4/icmpv4/{config,state}/code",
      // "srlinux": "/acl/acl-filter/entry/match/ipv4/icmp/code"
      "srlinux": ""
    },
    {
      "oc": "/acl/acl-sets/acl-set/acl-entries/acl-entry/ipv4/icmpv4/{config,state}",
      "srlinux": "",
      "state-request-from-here": true,
      "pretranslate-transform": "acl-oc-icmp-code-transform"
    },
    {
      "oc": "",
      "srlinux": "/acl/acl-filter/entry/match/ipv4/icmp",
      "pretranslate-transform": "acl-srl-icmp-code-transform"
    },
    {
      "oc": "",
      "srlinux": "/acl/acl-filter/entry/match/ipv4/icmp/code",
      "pretranslate-transform": "acl-srl-icmp-code-transform"
    },
    {
      "oc": "/acl/acl-sets/acl-set/acl-entries/acl-entry/ipv6",
      "srlinux": "/acl/acl-filter/entry/match/ipv6"
    },
    {
      "oc": "/acl/acl-sets/acl-set/acl-entries/acl-entry/ipv6/{config,state}/source-address",
      "srlinux": "/acl/acl-filter/entry/match/ipv6/source-ip/prefix",
      "type": "srl_nokia-common:ipv6-prefix"
    },
    {
      "oc": "/acl/acl-sets/acl-set/acl-entries/acl-entry/ipv6/{config,state}/source-address-prefix-set",
      "supported": false
    },
    {
      "oc": "/acl/acl-sets/acl-set/acl-entries/acl-entry/ipv6/{config,state}/destination-address",
      "srlinux": "/acl/acl-filter/entry/match/ipv6/destination-ip/prefix",
      "type": "srl_nokia-common:ipv6-prefix"
    },
    {
      "oc": "/acl/acl-sets/acl-set/acl-entries/acl-entry/ipv6/{config,state}/destination-address-prefix-set",
      "supported": false
    },
    {
      "oc": "/acl/acl-sets/acl-set/acl-entries/acl-entry/ipv6/{config,state}/dscp",
      "supported": false
    },
    {
      "oc": "/acl/acl-sets/acl-set/acl-entries/acl-entry/ipv6/{config,state}/dscp-set",
      "srlinux": "/acl/acl-filter/entry/match/ipv6/dscp-set",
      "feature-flagged": true
    },
    {
      "oc": "/acl/acl-sets/acl-set/acl-entries/acl-entry/ipv6/{config,state}/length",
      "supported": false
    },
    {
      "oc": "/acl/acl-sets/acl-set/acl-entries/acl-entry/ipv6/{config,state}/protocol",
      "srlinux": "/acl/acl-filter/entry/match/ipv6/next-header",
      "feature-flagged": true,
      "mapping": [
        {"IP_TCP":"tcp"},
        {"IP_UDP":"udp"},
        {"IP_ICMP":"icmp"},
        {"IP_IGMP":"igmp"},
        {"IP_PIM":"pim"},
        {"IP_RSVP":"rsvp"},
        {"IP_GRE":"gre"},
        {"IP_AUTH":"ah"},
        {"IP_L2TP":"l2tp"},
        {"IP_IN_IP":"ipv4"},
        {"58":"icmp6"},
        {"112":"vrrp"},
        {"__number__":"__number__"}
      ]
    },
    {
      "oc": "/acl/acl-sets/acl-set/acl-entries/acl-entry/ipv6/{config,state}/hop-limit",
      "supported": false
    },
    {
      "oc": "/acl/acl-sets/acl-set/acl-entries/acl-entry/ipv6/icmpv6",
      // "srlinux": "/acl/acl-filter/entry/match/ipv6/icmp6"
      "srlinux": "",
      "state-request-from-here": true,
      "pretranslate-transform": "acl-oc-icmp-code-transform"
    },
    {
      "oc": "/acl/acl-sets/acl-set/acl-entries/acl-entry/ipv6/icmpv6/{config,state}/type",
      // "srlinux": "/acl/acl-filter/entry/match/ipv6/icmp6/type"
      "srlinux": ""
    },
    {
      "oc": "",
      "srlinux": "/acl/acl-filter/entry/match/ipv6/icmp6/type",
      "pretranslate-transform": "acl-icmp-type-transform"
    },
    {
      "oc": "/acl/acl-sets/acl-set/acl-entries/acl-entry/ipv6/icmpv6/{config,state}",
      "srlinux": "",
      "state-request-from-here": true,
      "pretranslate-transform": "acl-oc-icmp-code-transform"
    },
    {
      "oc": "/acl/acl-sets/acl-set/acl-entries/acl-entry/ipv6/icmpv6/{config,state}/code",
      // "srlinux": "/acl/acl-filter/entry/match/ipv6/icmp6/code"
      "srlinux": ""
    },
    {
      "oc": "",
      "srlinux": "/acl/acl-filter/entry/match/ipv6/icmp6",
      "pretranslate-transform": "acl-srl-icmp-code-transform"
    },
    {
      "oc": "",
      "srlinux": "/acl/acl-filter/entry/match/ipv6/icmp6/code",
      "pretranslate-transform": "acl-srl-icmp-code-transform"
    },
    {
      "oc": "/acl/acl-sets/acl-set/acl-entries/acl-entry/transport",
      "srlinux": ""
    },
    {
      "oc": "/acl/acl-sets/acl-set/acl-entries/acl-entry/transport/{config,state}",
      "srlinux": "/acl/acl-filter/entry/match/transport"
    },
    {
      "oc": "/acl/acl-sets/acl-set/acl-entries/acl-entry/transport/{config,state}/source-port",
      "srlinux": "",
      "pretranslate-transform": "acl-port-transform-leaf",
      "feature-flagged": true
    },
    {
      "srlinux": "/acl/acl-filter/entry/match/transport/source-port/value",
      "pretranslate-transform": "acl-port-transform-leaf",
      "feature-flagged": true
    },
    {
      "oc": "",
      "srlinux": "/acl/acl-filter/entry/match/transport/source-port/operator",
      "feature-flagged": true,
      "special-handling": "the operator needs to be set to 'eq'"
    },
    {
      "srlinux": "/acl/acl-filter/entry/match/transport/source-port/range/start",
      "pretranslate-transform": "acl-port-transform-leaf",
      "feature-flagged": true
    },
    {
      "srlinux": "/acl/acl-filter/entry/match/transport/source-port/range/end",
      "pretranslate-transform": "acl-port-transform-leaf",
      "feature-flagged": true
    },
    {
      "oc": "/acl/acl-sets/acl-set/acl-entries/acl-entry/transport/{config,state}/source-port-set",
      "supported": false
    },
    {
      "oc": "/acl/acl-sets/acl-set/acl-entries/acl-entry/transport/{config,state}/destination-port",
      "srlinux": "",
      "pretranslate-transform": "acl-port-transform-leaf",
      "feature-flagged": true
    },
    {
      "srlinux": "/acl/acl-filter/entry/match/transport/destination-port/value",
      "pretranslate-transform": "acl-port-transform-leaf",
      "feature-flagged": true
    },
    {
      "oc": "",
      "srlinux": "/acl/acl-filter/entry/match/transport/destination-port/operator",
      "feature-flagged": true,
      "special-handling": "the operator needs to be set to 'eq'"
    },
    {
      "srlinux": "/acl/acl-filter/entry/match/transport/destination-port/range/start",
      "pretranslate-transform": "acl-port-transform-leaf",
      "feature-flagged": true
    },
    {
      "srlinux": "/acl/acl-filter/entry/match/transport/destination-port/range/end",
      "pretranslate-transform": "acl-port-transform-leaf",
      "feature-flagged": true
    },
    {
      "oc": "/acl/acl-sets/acl-set/acl-entries/acl-entry/transport/{config,state}/destination-port-set",
      "supported": false
    },
    {
      "oc": "/acl/acl-sets/acl-set/acl-entries/acl-entry/transport/{config,state}/detail-mode",
      "supported": false
    },
    {
      "oc": "/acl/acl-sets/acl-set/acl-entries/acl-entry/transport/{config,state}/explicit-detail-match-mode",
      "supported": false
    },
    {
      "oc": "/acl/acl-sets/acl-set/acl-entries/acl-entry/transport/{config,state}/explicit-tcp-flags",
      "supported": false
    },
    {
      "oc": "/acl/acl-sets/acl-set/acl-entries/acl-entry/transport/{config,state}/builtin-detail",
      "supported": false
    },
    {
      "oc": "/acl/acl-sets/acl-set/acl-entries/acl-entry/l2",
      "supported": false
    },
    {
      "oc": "/acl/acl-sets/acl-set/acl-entries/acl-entry/l2/{config,state}/source-mac",
      "supported": false
    },
    {
      "oc": "/acl/acl-sets/acl-set/acl-entries/acl-entry/l2/{config,state}/source-mac-mask",
      "supported": false
    },
    {
      "oc": "/acl/acl-sets/acl-set/acl-entries/acl-entry/l2/{config,state}/destination-mac",
      "supported": false
    },
    {
      "oc": "/acl/acl-sets/acl-set/acl-entries/acl-entry/l2/{config,state}/destination-mac-mask",
      "supported": false
    },
    {
      "oc": "/acl/acl-sets/acl-set/acl-entries/acl-entry/l2/{config,state}/ethertype",
      "supported": false
    },
    {
      "oc": "/acl/acl-sets/acl-set/acl-entries/acl-entry/actions",
      "srlinux": ""
    },
    {
      "oc": "/acl/acl-sets/acl-set/acl-entries/acl-entry/actions/{config,state}",
      "srlinux": "/acl/acl-filter/entry/action",
      "feature-flagged": true
    },
    {
      "oc": "/acl/acl-sets/acl-set/acl-entries/acl-entry/actions/{config,state}/forwarding-action",
      "pretranslate-transform": "acl-forwarding-action-leaf-transform",
      "srlinux": "",
      "feature-flagged": true
    },
    {
      "srlinux": "/acl/acl-filter/entry/action/accept",
      "feature-flagged": true,
      "pretranslate-transform": "acl-forwarding-action-transform"
    },
    {
      "srlinux": "/acl/acl-filter/entry/action/drop",
      "feature-flagged": true,
      "pretranslate-transform": "acl-forwarding-action-transform"
    },
    {
       "oc": "/acl/acl-sets/acl-set/acl-entries/acl-entry/actions/{config,state}/log-action",
       "pretranslate-transform": "acl-log-action-transform",
       "srlinux": "",
       "feature-flagged": true
    },
    {
       "srlinux": "/acl/acl-filter/entry/action/log",
       "pretranslate-transform": "acl-log-action-transform",
       "feature-flagged": true
    },
    {
      "oc": "/acl/acl-sets/acl-set/acl-entries/acl-entry/l2/{config,state}",
      "supported": false
    },
    {
      "oc": "/acl/acl-sets/acl-set/acl-entries/acl-entry/ipv4/{config,state}",
      "srlinux": ""
    },
    {
      "oc": "/acl/acl-sets/acl-set/acl-entries/acl-entry/ipv4/{config,state}/dscp-set/dscp-set",
      "srlinux": "/acl/acl-filter/entry/match/ipv4/dscp-set/dscp-set",
      "feature-flagged": true,
      "mapping": [
        {"0":"CS0"},
        {"1":"LE"},
        {"10":"AF11"},
        {"12":"AF12"},
        {"14":"AF13"},
        {"16":"CS2"},
        {"18":"AF21"},
        {"20":"AF22"},
        {"22":"AF23"},
        {"24":"CS3"},
        {"26":"AF31"},
        {"28":"AF32"},
        {"30":"AF33"},
        {"32":"CS4"},
        {"34":"AF41"},
        {"36":"AF42"},
        {"38":"AF43"},
        {"40":"CS5"},
        {"46":"EF"},
        {"48":"CS6"},
        {"56":"CS7"},
        {"8":"CS1"},
        {"__number__":"__number__"}
      ]
    },
    {
      "oc": "/acl/acl-sets/acl-set/acl-entries/acl-entry/ipv4/icmpv4",
      // "srlinux": "/acl/acl-filter/entry/match/ipv4/icmp"
      "srlinux": "",
      "state-request-from-here": true,
      "pretranslate-transform": "acl-oc-icmp-code-transform"
    },
    {
      "oc": "/acl/acl-sets/acl-set/acl-entries/acl-entry/mpls",
      "srlinux": ""
    },
    {
      "oc": "/acl/acl-sets/acl-set/acl-entries/acl-entry/mpls/{config,state}",
      "srlinux": ""
    },
    {
      "oc": "/acl/acl-sets/acl-set/acl-entries/acl-entry/mpls/{config,state}/traffic-class",
      "srlinux": ""
    },
    {
      "oc": "/acl/acl-sets/acl-set/acl-entries/acl-entry/mpls/{config,state}/start-label-value",
      "srlinux": ""
    },
    {
      "oc": "/acl/acl-sets/acl-set/acl-entries/acl-entry/mpls/{config,state}/end-label-value",
      "srlinux": ""
    },
    {
      "oc": "/acl/acl-sets/acl-set/acl-entries/acl-entry/mpls/{config,state}/ttl-value",
      "srlinux": ""
    },
    {
      "oc": "/acl/acl-sets/acl-set/acl-entries/acl-entry/ipv6/{config,state}",
      "srlinux": ""
    },
    {
      "oc": "/acl/acl-sets/acl-set/acl-entries/acl-entry/ipv6/{config,state}/source-flow-label",
      "srlinux": ""
    },
    {
      "oc": "/acl/acl-sets/acl-set/acl-entries/acl-entry/ipv6/{config,state}/destination-flow-label",
      "srlinux": ""
    },
    {
      "oc": "/acl/acl-sets/acl-set/acl-entries/acl-entry/ipv6/{config,state}/dscp-set/dscp-set",
      "srlinux": "/acl/acl-filter/entry/match/ipv6/dscp-set/dscp-set",
      "feature-flagged": true,
      "mapping": [
        {"0":"CS0"},
        {"1":"LE"},
        {"10":"AF11"},
        {"12":"AF12"},
        {"14":"AF13"},
        {"16":"CS2"},
        {"18":"AF21"},
        {"20":"AF22"},
        {"22":"AF23"},
        {"24":"CS3"},
        {"26":"AF31"},
        {"28":"AF32"},
        {"30":"AF33"},
        {"32":"CS4"},
        {"34":"AF41"},
        {"36":"AF42"},
        {"38":"AF43"},
        {"40":"CS5"},
        {"46":"EF"},
        {"48":"CS6"},
        {"56":"CS7"},
        {"8":"CS1"},
        {"__number__":"__number__"}
      ]
    },
    {
      "oc": "/acl/acl-sets/acl-set/acl-entries/acl-entry/transport/{config,state}/explicit-tcp-flags/explicit-tcp-flags",
      "srlinux": ""
    },
    {
      "oc": "/acl/acl-sets/acl-set/acl-entries/acl-entry/input-interface",
      "srlinux": ""
    },
    {
      "oc": "/acl/acl-sets/acl-set/acl-entries/acl-entry/input-interface/{config,state}",
      "srlinux": ""
    },
    {
      "oc": "/acl/acl-sets/acl-set/acl-entries/acl-entry/input-interface/interface-ref",
      "srlinux": ""
    },
    {
      "oc": "/acl/acl-sets/acl-set/acl-entries/acl-entry/input-interface/interface-ref/{config,state}",
      "srlinux": ""
    },
    {
      "oc": "/acl/acl-sets/acl-set/acl-entries/acl-entry/input-interface/interface-ref/{config,state}/interface",
      "srlinux": ""
    },
    {
      "oc": "/acl/acl-sets/acl-set/acl-entries/acl-entry/input-interface/interface-ref/{config,state}/subinterface",
      "srlinux": ""
    },
    {
      "oc": "/acl/interfaces/interface/ingress-acl-sets",
      "srlinux": ""
    },
    {
      "oc": "/acl/interfaces/interface/ingress-acl-sets/ingress-acl-set",
      "srlinux": "/acl/interface/input/acl-filter"
    },
    {
      "oc": "/acl/interfaces/interface/ingress-acl-sets/ingress-acl-set/set-name",
      "srlinux": "/acl/interface/input/acl-filter/name"
    },
    {
      "oc": "/acl/interfaces/interface/ingress-acl-sets/ingress-acl-set/type",
      "srlinux": "/acl/interface/input/acl-filter/type",
      "mapping": [
        {"ACL_IPV4":"ipv4"},
        {"ACL_IPV6":"ipv6"},
        {"ACL_L2":"mac"},
        {"ACL_MIXED":""},
        {"ACL_MPLS":""}
      ]
    },
    {
      "oc": "/acl/interfaces/interface/ingress-acl-sets/ingress-acl-set/{config,state}",
      "srlinux": ""
    },
    {
      "oc": "/acl/interfaces/interface/ingress-acl-sets/ingress-acl-set/{config,state}/set-name",
      "srlinux": ""
    },
    {
      "oc": "/acl/interfaces/interface/ingress-acl-sets/ingress-acl-set/{config,state}/type",
      "srlinux": ""
    },
    {
      "oc": "/acl/interfaces/interface/ingress-acl-sets/ingress-acl-set/acl-entries",
      "srlinux": ""
    },
    {
      "oc": "/acl/interfaces/interface/ingress-acl-sets/ingress-acl-set/acl-entries/acl-entry",
      "srlinux": "/acl/interface/input/acl-filter/entry"
    },
    {
      "oc": "/acl/interfaces/interface/ingress-acl-sets/ingress-acl-set/acl-entries/acl-entry/sequence-id",
      "srlinux": "/acl/interface/input/acl-filter/entry/sequence-id"
    },
    {
      "oc": "/acl/interfaces/interface/ingress-acl-sets/ingress-acl-set/acl-entries/acl-entry/state",
      "srlinux": "/acl/interface/input/acl-filter/entry/statistics",
      "feature-flagged": true
    },
    {
      "oc": "/acl/interfaces/interface/ingress-acl-sets/ingress-acl-set/acl-entries/acl-entry/state/sequence-id",
      "srlinux": ""
    },
    {
      "oc": "/acl/interfaces/interface/ingress-acl-sets/ingress-acl-set/acl-entries/acl-entry/state/matched-packets",
      "srlinux": "/acl/interface/input/acl-filter/entry/statistics/matched-packets",
      "feature-flagged": true
    },
    {
      "oc": "/acl/interfaces/interface/ingress-acl-sets/ingress-acl-set/acl-entries/acl-entry/state/matched-octets",
      "supported": false
    },
    {
      "oc": "/acl/interfaces/interface/egress-acl-sets",
      "srlinux": "",
      "feature-flagged": true
    },
    {
      "oc": "/acl/interfaces/interface/egress-acl-sets/egress-acl-set/{config,state}",
      "srlinux": "",
      "feature-flagged": true
    },
    {
      "oc": "/acl/interfaces/interface/egress-acl-sets/egress-acl-set",
      "srlinux": "/acl/interface/output/acl-filter",
      "feature-flagged": true
    },
    {
      "oc": "/acl/interfaces/interface/egress-acl-sets/egress-acl-set/set-name",
      "srlinux": "/acl/interface/output/acl-filter/name",
      "feature-flagged": true
    },
    {
      "oc": "/acl/interfaces/interface/egress-acl-sets/egress-acl-set/type",
      "srlinux": "/acl/interface/output/acl-filter/type",
      "mapping": [
        {"ACL_IPV4":"ipv4"},
        {"ACL_IPV6":"ipv6"},
        {"ACL_L2":"mac"},
        {"ACL_MIXED":""},
        {"ACL_MPLS":""}
      ],
      "feature-flagged": true
    },
    {
      "oc": "/acl/interfaces/interface/egress-acl-sets/egress-acl-set/{config,state}/set-name",
      "srlinux": "",
      "feature-flagged": true
    },
    {
      "oc": "/acl/interfaces/interface/egress-acl-sets/egress-acl-set/{config,state}/type",
      "srlinux": "",
      "feature-flagged": true
    },
    {
      "oc": "/acl/interfaces/interface/egress-acl-sets/egress-acl-set/acl-entries",
      "srlinux": "",
      "feature-flagged": true
    },
    {
      "oc": "/acl/interfaces/interface/egress-acl-sets/egress-acl-set/acl-entries/acl-entry",
      "srlinux": "/acl/interface/output/acl-filter/entry",
      "feature-flagged": true
    },
    {
      "oc": "/acl/interfaces/interface/egress-acl-sets/egress-acl-set/acl-entries/acl-entry/sequence-id",
      "srlinux": "/acl/interface/output/acl-filter/entry/sequence-id",
      "feature-flagged": true
    },
    {
      "oc": "/acl/interfaces/interface/egress-acl-sets/egress-acl-set/acl-entries/acl-entry/state",
      "srlinux": "/acl/interface/output/acl-filter/entry/statistics",
      "feature-flagged": true
    },
    {
      "oc": "/acl/interfaces/interface/egress-acl-sets/egress-acl-set/acl-entries/acl-entry/state/sequence-id",
      "srlinux": "",
      "feature-flagged": true
    },
    {
      "oc": "/acl/interfaces/interface/egress-acl-sets/egress-acl-set/acl-entries/acl-entry/state/matched-packets",
      "srlinux": "/acl/interface/output/acl-filter/entry/statistics/matched-packets",
      "feature-flagged": true
    },
    {
      "oc": "/acl/interfaces/interface/egress-acl-sets/egress-acl-set/acl-entries/acl-entry/state/matched-octets",
      "srlinux": "",
      "feature-flagged": true
    },
    {
      "oc": "/acl/interfaces/interface/egress-acl-sets/egress-acl-set/acl-entries/state/matched-octets",
      "supported": false
    }
  ]
}
