{
  "mapping": [
    {
      "oc": "/network-instances/network-instance/evpn",
      "supported": false
    },
    {
      "oc": "/network-instances/network-instance/vlans",
      "supported": false
    },
    {
      "oc": "/network-instances/network-instance/protocols/protocol/igmp",
      "supported": false
    },
    {
      "oc": "/network-instances/network-instance/protocols/protocol/mpls",
      "supported": false
    },
    {
      "oc": "/network-instances/network-instance/protocols/protocol/ospfv2",
      "supported": false
    },
    {
      "oc": "/network-instances/network-instance/protocols/protocol/pim",
      "supported": false
    },
    {
      "oc": "/network-instances/network-instance/protocols/protocol/pcep",
      "supported": false
    },
    {
      "oc": "/network-instances/network-instance/protocols/protocol/segment-routing",
      "supported": false
    },
    {
      "oc": "/keychains",
      "supported": false
    }
  ]
}
