{
  "mapping": [
    {
      "oc": "/sampling",
      "srlinux": ""
    },
    {
      "srlinux": "/system/sflow",
      "pretranslate-transform": "srl-sflow"
    },
    {
      "oc": "/sampling/sflow",
      "state-request-from-here": true,
      "pretranslate-transform": "oc-sflow"
    },
    {
      "oc": "/sampling/sflow/{config,state}",
      "srlinux": "",
      "pretranslate-transform": "oc-sflow"
      //This Handles
      //{
      //  "oc": "/sampling/sflow/{config,state}/enabled",
      //  "srlinux": "/system/sflow/admin-state",
      //  "transform": "bool-to-admin-state",
      //  "feature-flagged": true
      //},
      //{
      //  "oc": "/sampling/sflow/{config,state}/ingress-sampling-rate",
      //  "srlinux": "/system/sflow/sample-rate",
      //  "feature-flagged": true
      //},
      //{
      //  "oc": "/sampling/sflow/{config,state}/dscp",
      //  "srlinux": "/system/sflow/dscp",
      //  "feature-flagged": true
      //},
      //{
      //  "oc": "/sampling/sflow/{config,state}/sample-size",
      //  "srlinux": "/system/sflow/sample-size",
      //  "feature-flagged": true
      //},
    },
    {
      "oc": "/sampling/sflow/{config,state}/egress-sampling-rate",
      "supported": false
    },
    {
      "oc": "/sampling/sflow/{config,state}/polling-interval",
      "supported": false
    },
    {
      "oc": "/sampling/sflow/{config,state}/agent-id-ipv4",
      "supported": false
    },
    {
      "oc": "/sampling/sflow/{config,state}/agent-id-ipv6",
      "supported": false
    },
    {
      "oc": "/sampling/sflow/interfaces",
      "srlinux": "",
      "feature-flagged": true // ignore if can't find mapping otherwise cfg will complain
    },
    {
      "oc": "/sampling/sflow/interfaces/interface",
      "pretranslate-transform": "oc-sflow-intf",
      "feature-flagged": true // ignore if can't find mapping otherwise cfg will complain
    },
    {
      "oc": "/sampling/sflow/interfaces/interface/name",
      "transform": "direct-key-transform",
      "feature-flagged": true // ignore if can't find mapping otherwise cfg will complain
    },
    {
      "oc": "/sampling/sflow/interfaces/interface/{config,state}",
      "pretranslate-transform": "oc-sflow-intf",
      "feature-flagged": true // ignore if can't find mapping otherwise cfg will complain
      //This Handles
      //{
      //  "oc": "/sampling/sflow/interfaces/interface/{config,state}/enabled",
      //  "feature-flagged": true // ignore if can't find mapping otherwise cfg will complain
      //},
      //{
      //  "oc": "/sampling/sflow/interfaces/interface/{config,state}/ingress-sampling-rate",
      //  "feature-flagged": true // ignore if can't find mapping otherwise cfg will complain
      //},
      //{
      //  "oc": "/sampling/sflow/interfaces/interface/{config,state}/egress-sampling-rate",
      //  "feature-flagged": true // ignore if can't find mapping otherwise cfg will complain
      //},
    },
    {
      "oc": "/sampling/sflow/interfaces/interface/{config,state}/name",
      "srlinux": "",
      "type": "srl_nokia-common:interface-name",
      "feature-flagged": true // ignore if can't find mapping otherwise cfg will complain
    },
    {
      "srlinux": "/interface/sflow",
      "pretranslate-transform": "srl-sflow-intf",
      "feature-flagged": true // ignore if can't find mapping otherwise cfg will complain
      //This Handles
      //{
      //  "srlinux": "/interface/sflow/admin-state",
      //  "feature-flagged": true // ignore if can't find mapping otherwise cfg will complain
      //},
      //{
      //  "srlinux": "/interface/sflow/ingress-sampling-rate",
      //  "feature-flagged": true // ignore if can't find mapping otherwise cfg will complain
      //},
      //{
      //  "srlinux": "/interface/sflow/egress-sampling-rate",
      //  "feature-flagged": true // ignore if can't find mapping otherwise cfg will complain
      //},
    },
    {
      "oc": "/sampling/sflow/interfaces/interface/{config,state}/polling-interval",
      "supported": false
    },
    {
      "oc": "/sampling/sflow/interfaces/interface/state/packets-sampled",
      "supported": false
    },
    {
      "oc": "/sampling/sflow/collectors",
      "srlinux": "",
      "feature-flagged": true // ignore if can't find mapping otherwise cfg will complain
    },
    {
      "oc": "/sampling/sflow/collectors/collector",
      "pretranslate-transform": "oc-sflow-collector",
      "srlinux": "",
      "feature-flagged": true // ignore if can't find mapping otherwise cfg will complain
    },
    {
      "oc": "/sampling/sflow/collectors/collector/address",
      "transform": "direct-key-transform",
      "feature-flagged": true // ignore if can't find mapping otherwise cfg will complain
    },
    {
      "oc": "/sampling/sflow/collectors/collector/port",
      "transform": "direct-key-transform",
      "feature-flagged": true // ignore if can't find mapping otherwise cfg will complain
    },
    {
      "oc": "/sampling/sflow/collectors/collector/{config,state}",
      "pretranslate-transform": "oc-sflow-collector",
      "feature-flagged": true // ignore if can't find mapping otherwise cfg will complain
    },
    {
      "oc": "/sampling/sflow/collectors/collector/{config,state}/address",
      "type": "srl_nokia-common:ip-address",
      "feature-flagged": true // ignore if can't find mapping otherwise cfg will complain
    },
    {
      "oc": "/sampling/sflow/collectors/collector/{config,state}/source-address",
      "type": "srl_nokia-common:ip-address",
      "feature-flagged": true // ignore if can't find mapping otherwise cfg will complain
    },
    {
      "srlinux": "/system/sflow/collector",
      "pretranslate-transform": "srl-sflow-collector",
      "feature-flagged": true // ignore if can't find mapping otherwise cfg will complain
    },
    {
      "oc": "/sampling/sflow/collectors/collector/state/packets-sent",
      "supported": false
    }
  ]
}
