{
  "mapping": [
    {
      "oc": "/qos",
      "srlinux": ""

    },
    {
      "oc": "/qos/{config,state}",
      "srlinux": "",
      "feature-flagged": true
    },
    {
      "oc": "/qos/interfaces",
      "srlinux": ""
    },
    {
      "oc": "/qos/interfaces/interface",
      "srlinux": "/qos/interfaces/interface",
      "feature-flagged": true
    },
    {
      "oc": "/qos/interfaces/interface/interface-id",
      "srlinux": "/qos/interfaces/interface/interface-id",
      "feature-flagged": true
    },
    {
      "oc": "/qos/interfaces/interface/{config,state}",
      "srlinux": "",
      "feature-flagged": true
    },
    {
      "oc": "/qos/interfaces/interface/{config,state}/interface-id",
      "srlinux": "",
      "feature-flagged": true
    },
    {
      "oc": "/qos/interfaces/interface/interface-ref",
      "srlinux": "/qos/interfaces/interface/interface-ref",
      "feature-flagged": true
    },
    {
      "oc": "/qos/interfaces/interface/interface-ref/{config,state}",
      "srlinux": "",
      "feature-flagged": true
    },
    {
      "oc": "/qos/interfaces/interface/interface-ref/{config,state}/interface",
      "srlinux": "/qos/interfaces/interface/interface-ref/interface",
      "feature-flagged": true
    },
    {
      "oc": "/qos/interfaces/interface/interface-ref/{config,state}/subinterface",
      "srlinux": "/qos/interfaces/interface/interface-ref/subinterface",
      "feature-flagged": true
    },
    {
      "oc": "/qos/interfaces/interface/input",
      "srlinux": "",
      "feature-flagged": true
    },
    {
      "oc": "/qos/interfaces/interface/input/{config,state}",
      "srlinux": "",
      "feature-flagged": true
    },
    {
      "oc": "/qos/interfaces/interface/input/{config,state}/buffer-allocation-profile",
      "supported": false
    },
    {
      "oc": "/qos/interfaces/interface/input/{config,state}/multicast-buffer-allocation-profile",
      "supported": false
    },
    {
      "oc": "/qos/interfaces/interface/input/{config,state}/unicast-buffer-allocation-profile",
      "supported": false
    },
    {
      "oc": "/qos/interfaces/interface/input/classifiers",
      "srlinux": "",
      "feature-flagged": true
    },
    {
      "oc": "/qos/interfaces/interface/input/classifiers/classifier",
      "srlinux": "/qos/interfaces/interface/input/classifiers/classifier",
      "feature-flagged": true
    },
    {
      "oc": "/qos/interfaces/interface/input/classifiers/classifier/type",
      "srlinux": "/qos/interfaces/interface/input/classifiers/classifier/type",
      "feature-flagged": true,
      "mapping": [
        {"IPV4":"ipv4"},
        {"IPV6":"ipv6"}
      ]
    },
    {
      "oc": "/qos/interfaces/interface/input/classifiers/classifier/{config,state}",
      "srlinux": "",
      "feature-flagged": true
    },
    {
      "oc": "/qos/interfaces/interface/input/classifiers/classifier/{config,state}/name",
      "srlinux": "/qos/interfaces/interface/input/classifiers/classifier/name",
      "feature-flagged": true
    },
    {
      "oc": "/qos/interfaces/interface/input/classifiers/classifier/{config,state}/type",
      "srlinux": "",
      "feature-flagged": true
    },
    {
      "oc": "/qos/interfaces/interface/input/classifiers/classifier/terms",
      "supported": false
    },
    {
      "oc": "/qos/interfaces/interface/input/classifiers/classifier/terms/term",
      "supported": false
    },
    {
      "oc": "/qos/interfaces/interface/input/classifiers/classifier/terms/term/id",
      "supported": false
    },
    {
      "oc": "/qos/interfaces/interface/input/classifiers/classifier/terms/term/state",
      "supported": false
    },
    {
      "oc": "/qos/interfaces/interface/input/classifiers/classifier/terms/term/state/id",
      "supported": false
    },
    {
      "oc": "/qos/interfaces/interface/input/classifiers/classifier/terms/term/state/matched-packets",
      "supported": false
    },
    {
      "oc": "/qos/interfaces/interface/input/classifiers/classifier/terms/term/state/matched-octets",
      "supported": false
    },
    {
      "oc": "/qos/interfaces/interface/input/queues",
      "supported": false
    },
    {
      "oc": "/qos/interfaces/interface/input/queues/queue",
      "supported": false
    },
    {
      "oc": "/qos/interfaces/interface/input/queues/queue/name",
      "supported": false
    },
    {
      "oc": "/qos/interfaces/interface/input/queues/queue/{config,state}",
      "supported": false
    },
    {
      "oc": "/qos/interfaces/interface/input/queues/queue/{config,state}/name",
      "supported": false
    },
    {
      "oc": "/qos/interfaces/interface/input/queues/queue/{config,state}/queue-management-profile",
      "supported": false
    },
    {
      "oc": "/qos/interfaces/interface/input/queues/queue/state/max-queue-len",
      "supported": false
    },
    {
      "oc": "/qos/interfaces/interface/input/queues/queue/state/avg-queue-len",
      "supported": false
    },
    {
      "oc": "/qos/interfaces/interface/input/queues/queue/state/transmit-pkts",
      "supported": false
    },
    {
      "oc": "/qos/interfaces/interface/input/queues/queue/state/transmit-octets",
      "supported": false
    },
    {
      "oc": "/qos/interfaces/interface/input/queues/queue/state/dropped-pkts",
      "supported": false
    },
    {
      "oc": "/qos/interfaces/interface/input/scheduler-policy",
      "supported": false
    },
    {
      "oc": "/qos/interfaces/interface/input/scheduler-policy/{config,state}",
      "supported": false
    },
    {
      "oc": "/qos/interfaces/interface/input/scheduler-policy/{config,state}/name",
      "supported": false
    },
    {
      "oc": "/qos/interfaces/interface/input/scheduler-policy/schedulers",
      "supported": false
    },
    {
      "oc": "/qos/interfaces/interface/input/scheduler-policy/schedulers/scheduler",
      "supported": false
    },
    {
      "oc": "/qos/interfaces/interface/input/scheduler-policy/schedulers/scheduler/sequence",
      "supported": false
    },
    {
      "oc": "/qos/interfaces/interface/input/scheduler-policy/schedulers/scheduler/state",
      "supported": false
    },
    {
      "oc": "/qos/interfaces/interface/input/scheduler-policy/schedulers/scheduler/state/sequence",
      "supported": false
    },
    {
      "oc": "/qos/interfaces/interface/input/scheduler-policy/schedulers/scheduler/state/conforming-pkts",
      "supported": false
    },
    {
      "oc": "/qos/interfaces/interface/input/scheduler-policy/schedulers/scheduler/state/conforming-octets",
      "supported": false
    },
    {
      "oc": "/qos/interfaces/interface/input/scheduler-policy/schedulers/scheduler/state/exceeding-pkts",
      "supported": false
    },
    {
      "oc": "/qos/interfaces/interface/input/scheduler-policy/schedulers/scheduler/state/exceeding-octets",
      "supported": false
    },
    {
      "oc": "/qos/interfaces/interface/input/scheduler-policy/schedulers/scheduler/state/violating-pkts",
      "supported": false
    },
    {
      "oc": "/qos/interfaces/interface/input/scheduler-policy/schedulers/scheduler/state/violating-octets",
      "supported": false
    },
    {
      "oc": "/qos/interfaces/interface/input/virtual-output-queues",
      "supported": false
    },
    {
      "oc": "/qos/interfaces/interface/input/virtual-output-queues/voq-interface",
      "supported": false
    },
    {
      "oc": "/qos/interfaces/interface/input/virtual-output-queues/voq-interface/name",
      "supported": false
    },
    {
      "oc": "/qos/interfaces/interface/input/virtual-output-queues/voq-interface/{config,state}",
      "supported": false
    },
    {
      "oc": "/qos/interfaces/interface/input/virtual-output-queues/voq-interface/{config,state}/name",
      "supported": false
    },
    {
      "oc": "/qos/interfaces/interface/input/virtual-output-queues/voq-interface/queues",
      "supported": false
    },
    {
      "oc": "/qos/interfaces/interface/input/virtual-output-queues/voq-interface/queues/queue",
      "supported": false
    },
    {
      "oc": "/qos/interfaces/interface/input/virtual-output-queues/voq-interface/queues/queue/name",
      "supported": false
    },
    {
      "oc": "/qos/interfaces/interface/input/virtual-output-queues/voq-interface/queues/queue/{config,state}",
      "supported": false
    },
    {
      "oc": "/qos/interfaces/interface/input/virtual-output-queues/voq-interface/queues/queue/{config,state}/name",
      "supported": false
    },
    {
      "oc": "/qos/interfaces/interface/input/virtual-output-queues/voq-interface/queues/queue/state/max-queue-len",
      "supported": false
    },
    {
      "oc": "/qos/interfaces/interface/input/virtual-output-queues/voq-interface/queues/queue/state/avg-queue-len",
      "supported": false
    },
    {
      "oc": "/qos/interfaces/interface/input/virtual-output-queues/voq-interface/queues/queue/state/transmit-pkts",
      "supported": false
    },
    {
      "oc": "/qos/interfaces/interface/input/virtual-output-queues/voq-interface/queues/queue/state/transmit-octets",
      "supported": false
    },
    {
      "oc": "/qos/interfaces/interface/input/virtual-output-queues/voq-interface/queues/queue/state/dropped-pkts",
      "supported": false
    },
    {
      "oc": "/qos/interfaces/interface/output",
      "srlinux": ""
    },
    {
      "oc": "/qos/interfaces/interface/output/{config,state}",
      "srlinux": ""
    },
    {
      "oc": "/qos/interfaces/interface/output/{config,state}/buffer-allocation-profile",
      "srlinux": "/qos/interfaces/interface/output/buffer-allocation-profile",
      "feature-flagged": true
    },
    {
      "oc": "/qos/interfaces/interface/output/{config,state}/multicast-buffer-allocation-profile",
      "supported": false
    },
    {
      "oc": "/qos/interfaces/interface/output/{config,state}/unicast-buffer-allocation-profile",
      "supported": false
    },
    {
      "oc": "/qos/interfaces/interface/output/interface-ref",
      "supported": false
    },
    {
      "oc": "/qos/interfaces/interface/output/interface-ref/{config,state}",
      "supported": false
    },
    {
      "oc": "/qos/interfaces/interface/output/interface-ref/{config,state}/interface",
      "supported": false
    },
    {
      "oc": "/qos/interfaces/interface/output/interface-ref/{config,state}/subinterface",
      "supported": false
    },
    {
      "oc": "/qos/interfaces/interface/output/classifiers",
      "supported": false
    },
    {
      "oc": "/qos/interfaces/interface/output/classifiers/classifier",
      "supported": false
    },
    {
      "oc": "/qos/interfaces/interface/output/classifiers/classifier/type",
      "supported": false
    },
    {
      "oc": "/qos/interfaces/interface/output/classifiers/classifier/{config,state}",
      "supported": false
    },
    {
      "oc": "/qos/interfaces/interface/output/classifiers/classifier/{config,state}/name",
      "supported": false
    },
    {
      "oc": "/qos/interfaces/interface/output/classifiers/classifier/{config,state}/type",
      "supported": false
    },
    {
      "oc": "/qos/interfaces/interface/output/classifiers/classifier/terms",
      "supported": false
    },
    {
      "oc": "/qos/interfaces/interface/output/classifiers/classifier/terms/term",
      "supported": false
    },
    {
      "oc": "/qos/interfaces/interface/output/classifiers/classifier/terms/term/id",
      "supported": false
    },
    {
      "oc": "/qos/interfaces/interface/output/classifiers/classifier/terms/term/state",
      "supported": false
    },
    {
      "oc": "/qos/interfaces/interface/output/classifiers/classifier/terms/term/state/id",
      "supported": false
    },
    {
      "oc": "/qos/interfaces/interface/output/classifiers/classifier/terms/term/state/matched-packets",
      "supported": false
    },
    {
      "oc": "/qos/interfaces/interface/output/classifiers/classifier/terms/term/state/matched-octets",
      "supported": false
    },
    {
      "oc": "/qos/interfaces/interface/output/queues",
      "srlinux": ""
    },
    {
      "oc": "/qos/interfaces/interface/output/queues/queue",
      "srlinux": "/qos/interfaces/interface/output/queues/queue",
      "feature-flagged": true
    },
    {
      "oc": "/qos/interfaces/interface/output/queues/queue/name",
      "srlinux": "/qos/interfaces/interface/output/queues/queue/queue-name",
      "feature-flagged": true
    },
    {
      "oc": "/qos/interfaces/interface/output/queues/queue/{config,state}",
      "srlinux": "",
      "feature-flagged": true
    },
    {
      "oc": "/qos/interfaces/interface/output/queues/queue/{config,state}/name",
      "srlinux": "",
      "feature-flagged": true
    },
    {
      "oc": "/qos/interfaces/interface/output/queues/queue/{config,state}/queue-management-profile",
      "srlinux": "/qos/interfaces/interface/output/queues/queue/queue-management-profile",
      "feature-flagged": true
    },
    {
      "oc": "/qos/interfaces/interface/output/queues/queue/state/max-queue-len",
      "srlinux": "/qos/interfaces/interface/output/queues/queue/queue-depth/maximum-burst-size",
      "feature-flagged": true
    },
    {
      "oc": "/qos/interfaces/interface/output/queues/queue/state/avg-queue-len",
      "supported": false
    },
    {
      "oc": "/qos/interfaces/interface/output/queues/queue/state/ecn-marked-pkts",
      "srlinux": "/qos/interfaces/interface/output/queues/queue/queue-statistics/aggregate-statistics/ecn-marked-packets",
      "feature-flagged": true
    },
    {
      "oc": "/qos/interfaces/interface/output/queues/queue/state/ecn-marked-octets",
      "srlinux": "/qos/interfaces/interface/output/queues/queue/queue-statistics/aggregate-statistics/ecn-marked-octets",
      "feature-flagged": true
    },
    {
      "oc": "/qos/interfaces/interface/output/queues/queue/state/ecn-selected-pkts",
      "supported": false
    },
    {
      "oc": "/qos/interfaces/interface/output/queues/queue/state/ecn-selected-octets",
      "supported": false
    },
    {
      "oc": "/qos/interfaces/interface/output/queues/queue/state/transmit-pkts",
      "srlinux": "/qos/interfaces/interface/output/queues/queue/queue-statistics/aggregate-statistics/transmitted-packets",
      "feature-flagged": true
    },
    {
      "oc": "/qos/interfaces/interface/output/queues/queue/state/transmit-octets",
      "srlinux": "/qos/interfaces/interface/output/queues/queue/queue-statistics/aggregate-statistics/transmitted-octets",
      "feature-flagged": true
    },
    {
      "oc": "/qos/interfaces/interface/output/queues/queue/state/dropped-pkts",
      "srlinux": "/qos/interfaces/interface/output/queues/queue/queue-statistics/aggregate-statistics/dropped-packets",
      "feature-flagged": true
    },
    {
      "oc": "/qos/interfaces/interface/output/queues/queue/state/dropped-octets",
      "srlinux": "/qos/interfaces/interface/output/queues/queue/queue-statistics/aggregate-statistics/dropped-octets",
      "feature-flagged": true
    },
    {
      "oc": "/qos/interfaces/interface/output/scheduler-policy",
      "srlinux": "",
      "feature-flagged": true
    },
    {
      "oc": "/qos/interfaces/interface/output/scheduler-policy/{config,state}",
      "srlinux": "",
      "feature-flagged": true
    },
    {
      "oc": "/qos/interfaces/interface/output/scheduler-policy/{config,state}/name",
      "srlinux": "/qos/interfaces/interface/output/scheduler/scheduler-policy",
      "feature-flagged": true
    },
    {
      "oc": "/qos/interfaces/interface/output/scheduler-policy/schedulers",
      "supported": false
    },
    {
      "oc": "/qos/interfaces/interface/output/scheduler-policy/schedulers/scheduler",
      "supported": false
    },
    {
      "oc": "/qos/interfaces/interface/output/scheduler-policy/schedulers/scheduler/sequence",
      "srlinux": "",
      "feature-flagged": true
    },
    {
      "oc": "/qos/interfaces/interface/output/scheduler-policy/schedulers/scheduler/state",
      "supported": false
    },
    {
      "oc": "/qos/interfaces/interface/output/scheduler-policy/schedulers/scheduler/state/sequence",
      "supported": false
    },
    {
      "oc": "/qos/interfaces/interface/output/scheduler-policy/schedulers/scheduler/state/conforming-pkts",
      "supported": false
    },
    {
      "oc": "/qos/interfaces/interface/output/scheduler-policy/schedulers/scheduler/state/conforming-octets",
      "supported": false
    },
    {
      "oc": "/qos/interfaces/interface/output/scheduler-policy/schedulers/scheduler/state/exceeding-pkts",
      "supported": false
    },
    {
      "oc": "/qos/interfaces/interface/output/scheduler-policy/schedulers/scheduler/state/exceeding-octets",
      "supported": false
    },
    {
      "oc": "/qos/interfaces/interface/output/scheduler-policy/schedulers/scheduler/state/violating-pkts",
      "supported": false
    },
    {
      "oc": "/qos/interfaces/interface/output/scheduler-policy/schedulers/scheduler/state/violating-octets",
      "supported": false
    },
    {
      "oc": "/qos/classifiers",
      "srlinux": ""
    },
    {
      "oc": "/qos/classifiers/classifier",
      "srlinux": "/qos/classifiers/multifield-classifier",
      "feature-flagged": true
    },
    {
      "oc": "/qos/classifiers/classifier/name",
      "srlinux": "/qos/classifiers/multifield-classifier/name",
      "feature-flagged": true
    },
    {
      "oc": "/qos/classifiers/classifier/{config,state}",
      "srlinux": "",
      "feature-flagged": true
    },
    {
      "oc": "/qos/classifiers/classifier/{config,state}/name",
      "srlinux": "",
      "feature-flagged": true
    },
    {
      "oc": "/qos/classifiers/classifier/{config,state}/type",
      "srlinux": "/qos/classifiers/multifield-classifier/type",
      "feature-flagged": true,
      "mapping": [
        {"IPV4":"ipv4"},
        {"IPV6":"ipv6"}
      ]
    },
    {
      "oc": "/qos/classifiers/classifier/terms",
      "srlinux": "",
      "feature-flagged": true
    },
    {
      "oc": "/qos/classifiers/classifier/terms/term",
      "srlinux": "/qos/classifiers/multifield-classifier/entry",
      "feature-flagged": true
    },
    {
      "oc": "/qos/classifiers/classifier/terms/term/id",
      "srlinux": "/qos/classifiers/multifield-classifier/entry/sequence-id",
      "feature-flagged": true
    },
    {
      "oc": "/qos/classifiers/classifier/terms/term/{config,state}",
      "srlinux": "",
      "feature-flagged": true
    },
    {
      "oc": "/qos/classifiers/classifier/terms/term/{config,state}/id",
      "srlinux": "",
      "feature-flagged": true
    },
    {
      "oc": "/qos/classifiers/classifier/terms/term/conditions",
      "srlinux": "/qos/classifiers/multifield-classifier/entry/match",
      "feature-flagged": true
    },
    {
      "oc": "/qos/classifiers/classifier/terms/term/conditions/l2",
      "supported": false
    },
    {
      "oc": "/qos/classifiers/classifier/terms/term/conditions/l2/{config,state}",
      "supported": false
    },
    {
      "oc": "/qos/classifiers/classifier/terms/term/conditions/l2/{config,state}/source-mac",
      "supported": false
    },
    {
      "oc": "/qos/classifiers/classifier/terms/term/conditions/l2/{config,state}/source-mac-mask",
      "supported": false
    },
    {
      "oc": "/qos/classifiers/classifier/terms/term/conditions/l2/{config,state}/destination-mac",
      "supported": false
    },
    {
      "oc": "/qos/classifiers/classifier/terms/term/conditions/l2/{config,state}/destination-mac-mask",
      "supported": false
    },
    {
      "oc": "/qos/classifiers/classifier/terms/term/conditions/l2/{config,state}/ethertype",
      "supported": false
    },
    {
      "oc": "/qos/classifiers/classifier/terms/term/conditions/ipv4",
      "srlinux": "/qos/classifiers/multifield-classifier/entry/match/ipv4",
      "feature-flagged": true
    },
    {
      "oc": "/qos/classifiers/classifier/terms/term/conditions/ipv4/{config,state}",
      "srlinux": "",
      "feature-flagged": true
    },
    {
      "oc": "/qos/classifiers/classifier/terms/term/conditions/ipv4/{config,state}/source-address",
      "srlinux": "/qos/classifiers/multifield-classifier/entry/match/ipv4/source-ip/prefix",
      "feature-flagged": true
    },
    {
      "oc": "/qos/classifiers/classifier/terms/term/conditions/ipv4/{config,state}/source-address-prefix-set",
      "supported": false
    },
    {
      "oc": "/qos/classifiers/classifier/terms/term/conditions/ipv4/{config,state}/destination-address",
      "srlinux": "/qos/classifiers/multifield-classifier/entry/match/ipv4/destination-ip/prefix",
      "feature-flagged": true
    },
    {
      "oc": "/qos/classifiers/classifier/terms/term/conditions/ipv4/{config,state}/destination-address-prefix-set",
      "supported": false
    },
    {
      "oc": "/qos/classifiers/classifier/terms/term/conditions/ipv4/{config,state}/dscp",
      "supported": false
    },
    {
      "oc": "/qos/classifiers/classifier/terms/term/conditions/ipv4/{config,state}/dscp-set",
      "srlinux": "/qos/classifiers/multifield-classifier/entry/match/ipv4/dscp-set",
      "feature-flagged": true
    },
    {
      "oc": "/qos/classifiers/classifier/terms/term/conditions/ipv4/{config,state}/dscp-set/dscp-set",
      "srlinux": "/qos/classifiers/multifield-classifier/entry/match/ipv4/dscp-set/dscp-set",
      "feature-flagged": true,
      "mapping": [
        {"0":"CS0"},
        {"1":"LE"},
        {"10":"AF11"},
        {"12":"AF12"},
        {"14":"AF13"},
        {"16":"CS2"},
        {"18":"AF21"},
        {"20":"AF22"},
        {"22":"AF23"},
        {"24":"CS3"},
        {"26":"AF31"},
        {"28":"AF32"},
        {"30":"AF33"},
        {"32":"CS4"},
        {"34":"AF41"},
        {"36":"AF42"},
        {"38":"AF43"},
        {"40":"CS5"},
        {"46":"EF"},
        {"48":"CS6"},
        {"56":"CS7"},
        {"8":"CS1"},
        {"__number__":"__number__"}
      ]
    },
    {
      "oc": "/qos/classifiers/classifier/terms/term/conditions/ipv4/{config,state}/protocol",
      "srlinux": "/qos/classifiers/multifield-classifier/entry/match/ipv4/protocol",
      "feature-flagged": true,
      "mapping": [
        {"IP_TCP":"tcp"},
        {"IP_UDP":"udp"},
        {"IP_ICMP":"icmp"},
        {"IP_IGMP":"igmp"},
        {"IP_PIM":"pim"},
        {"IP_RSVP":"rsvp"},
        {"IP_GRE":"gre"},
        {"IP_AUTH":"ah"},
        {"IP_L2TP":"l2tp"},
        {"IP_IN_IP":"ipv4"},
        {"__number__":"__number__"}
      ]
    },
    {
      "oc": "/qos/classifiers/classifier/terms/term/conditions/ipv4/{config,state}/length",
      "supported": false
    },
    {
      "oc": "/qos/classifiers/classifier/terms/term/conditions/ipv4/{config,state}/hop-limit",
      "supported": false
    },
    {
      "oc": "/qos/classifiers/classifier/terms/term/conditions/ipv4/icmpv4",
      "supported": false
    },
    {
      "oc": "/qos/classifiers/classifier/terms/term/conditions/ipv6",
      "srlinux": "/qos/classifiers/multifield-classifier/entry/match/ipv6",
      "feature-flagged": true
    },
    {
      "oc": "/qos/classifiers/classifier/terms/term/conditions/ipv6/{config,state}",
      "srlinux": "",
      "feature-flagged": true
    },
    {
      "oc": "/qos/classifiers/classifier/terms/term/conditions/ipv6/{config,state}/source-address",
      "srlinux": "/qos/classifiers/multifield-classifier/entry/match/ipv6/source-ip/prefix",
      "feature-flagged": true
    },
    {
      "oc": "/qos/classifiers/classifier/terms/term/conditions/ipv6/{config,state}/source-address-prefix-set",
      "supported": false
    },
    {
      "oc": "/qos/classifiers/classifier/terms/term/conditions/ipv6/{config,state}/source-flow-label",
      "supported": false
    },
    {
      "oc": "/qos/classifiers/classifier/terms/term/conditions/ipv6/{config,state}/destination-address",
      "srlinux": "/qos/classifiers/multifield-classifier/entry/match/ipv6/destination-ip/prefix",
      "feature-flagged": true
    },
    {
      "oc": "/qos/classifiers/classifier/terms/term/conditions/ipv6/{config,state}/destination-address-prefix-set",
      "supported": false
    },
    {
      "oc": "/qos/classifiers/classifier/terms/term/conditions/ipv6/{config,state}/destination-flow-label",
      "supported": false
    },
    {
      "oc": "/qos/classifiers/classifier/terms/term/conditions/ipv6/{config,state}/dscp",
      "supported": false
    },
    {
      "oc": "/qos/classifiers/classifier/terms/term/conditions/ipv6/{config,state}/dscp-set",
      "srlinux": "/qos/classifiers/multifield-classifier/entry/match/ipv6/dscp-set",
      "feature-flagged": true
    },
    {
      "oc": "/qos/classifiers/classifier/terms/term/conditions/ipv6/{config,state}/dscp-set/dscp-set",
      "srlinux": "/qos/classifiers/multifield-classifier/entry/match/ipv6/dscp-set/dscp-set",
      "feature-flagged": true,
      "mapping": [
        {"0":"CS0"},
        {"1":"LE"},
        {"10":"AF11"},
        {"12":"AF12"},
        {"14":"AF13"},
        {"16":"CS2"},
        {"18":"AF21"},
        {"20":"AF22"},
        {"22":"AF23"},
        {"24":"CS3"},
        {"26":"AF31"},
        {"28":"AF32"},
        {"30":"AF33"},
        {"32":"CS4"},
        {"34":"AF41"},
        {"36":"AF42"},
        {"38":"AF43"},
        {"40":"CS5"},
        {"46":"EF"},
        {"48":"CS6"},
        {"56":"CS7"},
        {"8":"CS1"},
        {"__number__":"__number__"}
      ]
    },
    {
      "oc": "/qos/classifiers/classifier/terms/term/conditions/ipv6/{config,state}/protocol",
      "srlinux": "/qos/classifiers/multifield-classifier/entry/match/ipv6/next-header",
      "feature-flagged": true,
      "mapping": [
        {"IP_TCP":"tcp"},
        {"IP_UDP":"udp"},
        {"IP_ICMP":"icmp"},
        {"IP_IGMP":"igmp"},
        {"IP_PIM":"pim"},
        {"IP_RSVP":"rsvp"},
        {"IP_GRE":"gre"},
        {"IP_AUTH":"ah"},
        {"IP_L2TP":"l2tp"},
        {"IP_IN_IP":"ipv4"},
        {"__number__":"__number__"}
      ]
    },
    {
      "oc": "/qos/classifiers/classifier/terms/term/conditions/ipv6/{config,state}/length",
      "supported": false
    },
    {
      "oc": "/qos/classifiers/classifier/terms/term/conditions/ipv6/{config,state}/hop-limit",
      "supported": false
    },
    {
      "oc": "/qos/classifiers/classifier/terms/term/conditions/ipv6/icmpv6",
      "supported": false
    },
    {
      "oc": "/qos/classifiers/classifier/terms/term/conditions/transport",
      "srlinux": "/qos/classifiers/multifield-classifier/entry/match/transport",
      "feature-flagged": true
    },
    {
      "oc": "/qos/classifiers/classifier/terms/term/conditions/transport/{config,state}",
      "srlinux": "",
      "feature-flagged": true
    },
    {
      "oc": "/qos/classifiers/classifier/terms/term/conditions/transport/{config,state}/source-port",
      "srlinux": "/qos/classifiers/multifield-classifier/entry/match/transport/source-port/value",
      "feature-flagged": true,
      "special-handling": "the operator needs to be set to 'eq'"
    },
    {
      "oc": "/qos/classifiers/classifier/terms/term/conditions/transport/{config,state}/source-port-set",
      "supported": false
    },
    {
      "oc": "/qos/classifiers/classifier/terms/term/conditions/transport/{config,state}/destination-port",
      "srlinux": "/qos/classifiers/multifield-classifier/entry/match/transport/destination-port/value",
      "feature-flagged": true,
      "special-handling":"the operator needs to be set to 'eq'"
    },
    {
      "oc": "/qos/classifiers/classifier/terms/term/conditions/transport/{config,state}/destination-port-set",
      "supported": false,
      "special-handling":"the operator needs to be set to 'eq'"
    },
    {
      "oc": "/qos/classifiers/classifier/terms/term/conditions/transport/{config,state}/tcp-flags",
      "supported": false
    },
    {
      "oc": "/qos/classifiers/classifier/terms/term/conditions/transport/{config,state}/tcp-flags/tcp-flags",
      "supported": false
    },
    {
      "oc": "/qos/classifiers/classifier/terms/term/conditions/transport/{config,state}/explicit-tcp-flags",
      "supported": false
    },
    {
      "oc": "/qos/classifiers/classifier/terms/term/conditions/transport/{config,state}/explicit-tcp-flags/explicit-tcp-flags",
      "supported": false
    },
    {
      "oc": "/qos/classifiers/classifier/terms/term/conditions/transport/{config,state}/detail-mode",
      "supported": false
    },
    {
      "oc": "/qos/classifiers/classifier/terms/term/conditions/transport/{config,state}/explicit-detail-match-mode",
      "supported": false
    },
    {
      "oc": "/qos/classifiers/classifier/terms/term/conditions/transport/{config,state}/builtin-detail",
      "supported": false
    },
    {
      "oc": "/qos/classifiers/classifier/terms/term/conditions/mpls",
      "supported": false
    },
    {
      "oc": "/qos/classifiers/classifier/terms/term/conditions/mpls/{config,state}",
      "supported": false
    },
    {
      "oc": "/qos/classifiers/classifier/terms/term/conditions/mpls/{config,state}/traffic-class",
      "supported": false
    },
    {
      "oc": "/qos/classifiers/classifier/terms/term/conditions/mpls/{config,state}/start-label-value",
      "supported": false
    },
    {
      "oc": "/qos/classifiers/classifier/terms/term/conditions/mpls/{config,state}/end-label-value",
      "supported": false
    },
    {
      "oc": "/qos/classifiers/classifier/terms/term/conditions/mpls/{config,state}/ttl-value",
      "supported": false
    },
    {
      "oc": "/qos/classifiers/classifier/terms/term/actions",
      "srlinux": "/qos/classifiers/multifield-classifier/entry/action",
      "feature-flagged": true
    },
    {
      "oc": "/qos/classifiers/classifier/terms/term/actions/{config,state}",
      "srlinux": "",
      "feature-flagged": true
    },
    {
      "oc": "/qos/classifiers/classifier/terms/term/actions/{config,state}/target-group",
      "srlinux": "/qos/classifiers/multifield-classifier/entry/action/forwarding-class",
      "feature-flagged": true
    },
    {
      "oc": "/qos/classifiers/classifier/terms/term/actions/remark",
      "srlinux": "",
      "feature-flagged": true
    },
    {
      "oc": "/qos/classifiers/classifier/terms/term/actions/remark/{config,state}",
      "srlinux": "",
      "feature-flagged": true
    },
    {
      "oc": "/qos/classifiers/classifier/terms/term/actions/remark/{config,state}/set-dscp",
      "srlinux": "/qos/classifiers/multifield-classifier/entry/action/rewrite/set-dscp",
      "feature-flagged": true
    },
    {
      "oc": "/qos/classifiers/classifier/terms/term/actions/remark/{config,state}/set-dot1p",
      "supported": false,
      "feature-flagged": true
    },
    {
      "oc": "/qos/classifiers/classifier/terms/term/actions/remark/{config,state}/set-mpls-tc",
      "supported": false,
      "feature-flagged": true
    },
    {
      "oc": "/qos/forwarding-groups",
      "srlinux": ""
    },
    {
      "oc": "/qos/forwarding-groups/forwarding-group",
      "srlinux": "/qos/forwarding-classes/forwarding-class",
      "feature-flagged": true
    },
    {
      "oc": "/qos/forwarding-groups/forwarding-group/name",
      "srlinux": "/qos/forwarding-classes/forwarding-class/name",
      "feature-flagged": true
    },
    {
      "oc": "/qos/forwarding-groups/forwarding-group/{config,state}",
      "pretranslate-transform": "qos-forwarding-class-transform",
      "feature-flagged": true
    },
    {
      "srlinux": "/qos/forwarding-classes/forwarding-class/forwarding-class-index",
      "pretranslate-transform": "srl-qos-forwarding-class-index-transform"
    },
    {
      "srlinux": "/qos/forwarding-classes/forwarding-class/output",
      "pretranslate-transform": "qos-forwarding-class-transform"
    },
    {
      "oc": "/qos/forwarding-groups/forwarding-group/{config,state}/name",
      "srlinux": "",
      "feature-flagged": true
    },
    {
      "oc": "/qos/forwarding-groups/forwarding-group/{config,state}/fabric-priority",
      "supported": false,
      "feature-flagged": true
    },
    {
      "oc": "/qos/forwarding-groups/forwarding-group/{config,state}/output-queue",
      "srlinux": "",
      "feature-flagged": true
    },
    {
      "oc": "/qos/forwarding-groups/forwarding-group/{config,state}/unicast-output-queue",
      "srlinux": "",
      "feature-flagged": true
    },
    {
      "oc": "/qos/forwarding-groups/forwarding-group/{config,state}/multicast-output-queue",
      "srlinux": "",
      "feature-flagged": true
    },
    {
      "oc": "/qos/queues",
      "srlinux": ""
    },
    {
      "oc": "/qos/queues/queue",
      "srlinux": "/qos/queues/queue",
      "feature-flagged": true
    },
    {
      "oc": "/qos/queues/queue/name",
      "srlinux": "/qos/queues/queue/name",
      "feature-flagged": true
    },
    {
      "oc": "/qos/queues/queue/{config,state}",
      "srlinux": "",
      "feature-flagged": true
    },
    {
      "oc": "/qos/queues/queue/{config,state}/name",
      "srlinux": "",
      "feature-flagged": true
    },
    {
      "oc": "/qos/queues/queue/{config,state}/queue-id",
      "srlinux": "/qos/queues/queue/queue-index",
      "feature-flagged": true
    },
    {
      "oc": "/qos/scheduler-policies",
      "srlinux": ""
    },
    {
      "oc": "/qos/scheduler-policies/scheduler-policy",
      "srlinux": "/qos/scheduler-policies/scheduler-policy",
      "feature-flagged": true
    },
    {
      "oc": "/qos/scheduler-policies/scheduler-policy/name",
      "srlinux": "/qos/scheduler-policies/scheduler-policy/name",
      "feature-flagged": true
    },
    {
      "oc": "/qos/scheduler-policies/scheduler-policy/{config,state}",
      "srlinux": "",
      "feature-flagged": true
    },
    {
      "oc": "/qos/scheduler-policies/scheduler-policy/{config,state}/name",
      "srlinux": "",
      "feature-flagged": true
    },
    {
      "oc": "/qos/scheduler-policies/scheduler-policy/schedulers",
      "srlinux": "",
      "feature-flagged": true
    },
    {
      "oc": "/qos/scheduler-policies/scheduler-policy/schedulers/scheduler",
      "srlinux": "/qos/scheduler-policies/scheduler-policy/scheduler",
      "feature-flagged": true
    },
    {
      "oc": "/qos/scheduler-policies/scheduler-policy/schedulers/scheduler/sequence",
      "srlinux": "/qos/scheduler-policies/scheduler-policy/scheduler/sequence",
      "feature-flagged": true,
      "deviations": {
        "add": {
            "must": [
            {
                "expression": ". <= 1",
                "error-message": "supported range is 0..1"
            }
            ]
        }
      }
    },
    {
      "oc": "/qos/scheduler-policies/scheduler-policy/schedulers/scheduler/{config,state}",
      "srlinux": "",
      "feature-flagged": true
    },
    {
      "oc": "/qos/scheduler-policies/scheduler-policy/schedulers/scheduler/{config,state}/sequence",
      "srlinux": "",
      "feature-flagged": true
    },
    {
      "oc": "/qos/scheduler-policies/scheduler-policy/schedulers/scheduler/{config,state}/type",
      "supported": false
    },
    {
      "oc": "/qos/scheduler-policies/scheduler-policy/schedulers/scheduler/{config,state}/priority",
      "srlinux": "/qos/scheduler-policies/scheduler-policy/scheduler/priority",
      "transform": "uppercase-to-lowercase",
      "feature-flagged": true
    },
    {
      "oc": "/qos/scheduler-policies/scheduler-policy/schedulers/scheduler/inputs",
      "srlinux": "",
      "feature-flagged": true
    },
    {
      "oc": "/qos/scheduler-policies/scheduler-policy/schedulers/scheduler/inputs/input",
      "srlinux": "/qos/scheduler-policies/scheduler-policy/scheduler/input",
      "feature-flagged": true
    },
    {
      "oc": "/qos/scheduler-policies/scheduler-policy/schedulers/scheduler/inputs/input/id",
      "srlinux": "/qos/scheduler-policies/scheduler-policy/scheduler/input/id",
      "feature-flagged": true
    },
    {
      "oc": "/qos/scheduler-policies/scheduler-policy/schedulers/scheduler/inputs/input/{config,state}",
      "srlinux": "",
      "feature-flagged": true
    },
    {
      "oc": "/qos/scheduler-policies/scheduler-policy/schedulers/scheduler/inputs/input/{config,state}/id",
      "srlinux": "",
      "feature-flagged": true
    },
    {
      "oc": "/qos/scheduler-policies/scheduler-policy/schedulers/scheduler/inputs/input/{config,state}/input-type",
      "srlinux": "/qos/scheduler-policies/scheduler-policy/scheduler/input/input-type",
      "feature-flagged": true,
      "transform": "uppercase-to-lowercase",
      "deviations": {
        "add": {
            "must": [
            {
                "expression": ". = 'QUEUE'",
                "error-message": "supported type is QUEUE"
            }
            ]
        }
      }
    },
    {
      "oc": "/qos/scheduler-policies/scheduler-policy/schedulers/scheduler/inputs/input/{config,state}/queue",
      "srlinux": "/qos/scheduler-policies/scheduler-policy/scheduler/input/queue-name",
      "feature-flagged": true
    },
    {
      "oc": "/qos/scheduler-policies/scheduler-policy/schedulers/scheduler/inputs/input/{config,state}/weight",
      "srlinux": "/qos/scheduler-policies/scheduler-policy/scheduler/input/weight",
      "feature-flagged": true
    },
    {
      "oc": "/qos/scheduler-policies/scheduler-policy/schedulers/scheduler/output",
      "supported": false
    },
    {
      "oc": "/qos/scheduler-policies/scheduler-policy/schedulers/scheduler/output/{config,state}",
      "supported": false
    },
    {
      "oc": "/qos/scheduler-policies/scheduler-policy/schedulers/scheduler/output/{config,state}/output-type",
      "supported": false
    },
    {
      "oc": "/qos/scheduler-policies/scheduler-policy/schedulers/scheduler/output/{config,state}/child-scheduler",
      "supported": false
    },
    {
      "oc": "/qos/scheduler-policies/scheduler-policy/schedulers/scheduler/output/{config,state}/output-fwd-group",
      "supported": false
    },
    {
      "oc": "/qos/scheduler-policies/scheduler-policy/schedulers/scheduler/one-rate-two-color",
      "supported": false
    },
    {
      "oc": "/qos/scheduler-policies/scheduler-policy/schedulers/scheduler/one-rate-two-color/{config,state}",
      "supported": false
    },
    {
      "oc": "/qos/scheduler-policies/scheduler-policy/schedulers/scheduler/one-rate-two-color/{config,state}/cir",
      "supported": false
    },
    {
      "oc": "/qos/scheduler-policies/scheduler-policy/schedulers/scheduler/one-rate-two-color/{config,state}/cir-pct",
      "supported": false
    },
    {
      "oc": "/qos/scheduler-policies/scheduler-policy/schedulers/scheduler/one-rate-two-color/{config,state}/cir-pct-remaining",
      "supported": false
    },
    {
      "oc": "/qos/scheduler-policies/scheduler-policy/schedulers/scheduler/one-rate-two-color/{config,state}/bc",
      "supported": false
    },
    {
      "oc": "/qos/scheduler-policies/scheduler-policy/schedulers/scheduler/one-rate-two-color/{config,state}/queuing-behavior",
      "supported": false
    },
    {
      "oc": "/qos/scheduler-policies/scheduler-policy/schedulers/scheduler/one-rate-two-color/{config,state}/max-queue-depth-bytes",
      "supported": false
    },
    {
      "oc": "/qos/scheduler-policies/scheduler-policy/schedulers/scheduler/one-rate-two-color/{config,state}/max-queue-depth-packets",
      "supported": false
    },
    {
      "oc": "/qos/scheduler-policies/scheduler-policy/schedulers/scheduler/one-rate-two-color/{config,state}/max-queue-depth-percent",
      "supported": false
    },
    {
      "oc": "/qos/scheduler-policies/scheduler-policy/schedulers/scheduler/one-rate-two-color/conform-action",
      "supported": false
    },
    {
      "oc": "/qos/scheduler-policies/scheduler-policy/schedulers/scheduler/one-rate-two-color/conform-action/{config,state}",
      "supported": false
    },
    {
      "oc": "/qos/scheduler-policies/scheduler-policy/schedulers/scheduler/one-rate-two-color/conform-action/{config,state}/set-dscp",
      "supported": false
    },
    {
      "oc": "/qos/scheduler-policies/scheduler-policy/schedulers/scheduler/one-rate-two-color/conform-action/{config,state}/set-dot1p",
      "supported": false
    },
    {
      "oc": "/qos/scheduler-policies/scheduler-policy/schedulers/scheduler/one-rate-two-color/conform-action/{config,state}/set-mpls-tc",
      "supported": false
    },
    {
      "oc": "/qos/scheduler-policies/scheduler-policy/schedulers/scheduler/one-rate-two-color/exceed-action",
      "supported": false
    },
    {
      "oc": "/qos/scheduler-policies/scheduler-policy/schedulers/scheduler/one-rate-two-color/exceed-action/{config,state}",
      "supported": false
    },
    {
      "oc": "/qos/scheduler-policies/scheduler-policy/schedulers/scheduler/one-rate-two-color/exceed-action/{config,state}/set-dscp",
      "supported": false
    },
    {
      "oc": "/qos/scheduler-policies/scheduler-policy/schedulers/scheduler/one-rate-two-color/exceed-action/{config,state}/set-dot1p",
      "supported": false
    },
    {
      "oc": "/qos/scheduler-policies/scheduler-policy/schedulers/scheduler/one-rate-two-color/exceed-action/{config,state}/set-mpls-tc",
      "supported": false
    },
    {
      "oc": "/qos/scheduler-policies/scheduler-policy/schedulers/scheduler/one-rate-two-color/exceed-action/{config,state}/drop",
      "supported": false
    },
    {
      "oc": "/qos/scheduler-policies/scheduler-policy/schedulers/scheduler/two-rate-three-color",
      "supported": false
    },
    {
      "oc": "/qos/scheduler-policies/scheduler-policy/schedulers/scheduler/two-rate-three-color/{config,state}",
      "supported": false
    },
    {
      "oc": "/qos/scheduler-policies/scheduler-policy/schedulers/scheduler/two-rate-three-color/{config,state}/cir",
      "supported": false
    },
    {
      "oc": "/qos/scheduler-policies/scheduler-policy/schedulers/scheduler/two-rate-three-color/{config,state}/cir-pct",
      "supported": false
    },
    {
      "oc": "/qos/scheduler-policies/scheduler-policy/schedulers/scheduler/two-rate-three-color/{config,state}/cir-pct-remaining",
      "supported": false
    },
    {
      "oc": "/qos/scheduler-policies/scheduler-policy/schedulers/scheduler/two-rate-three-color/{config,state}/pir",
      "supported": false
    },
    {
      "oc": "/qos/scheduler-policies/scheduler-policy/schedulers/scheduler/two-rate-three-color/{config,state}/pir-pct",
      "supported": false
    },
    {
      "oc": "/qos/scheduler-policies/scheduler-policy/schedulers/scheduler/two-rate-three-color/{config,state}/pir-pct-remaining",
      "supported": false
    },
    {
      "oc": "/qos/scheduler-policies/scheduler-policy/schedulers/scheduler/two-rate-three-color/{config,state}/bc",
      "supported": false
    },
    {
      "oc": "/qos/scheduler-policies/scheduler-policy/schedulers/scheduler/two-rate-three-color/{config,state}/be",
      "supported": false
    },
    {
      "oc": "/qos/scheduler-policies/scheduler-policy/schedulers/scheduler/two-rate-three-color/conform-action",
      "supported": false
    },
    {
      "oc": "/qos/scheduler-policies/scheduler-policy/schedulers/scheduler/two-rate-three-color/conform-action/{config,state}",
      "supported": false
    },
    {
      "oc": "/qos/scheduler-policies/scheduler-policy/schedulers/scheduler/two-rate-three-color/conform-action/{config,state}/set-dscp",
      "supported": false
    },
    {
      "oc": "/qos/scheduler-policies/scheduler-policy/schedulers/scheduler/two-rate-three-color/conform-action/{config,state}/set-dot1p",
      "supported": false
    },
    {
      "oc": "/qos/scheduler-policies/scheduler-policy/schedulers/scheduler/two-rate-three-color/conform-action/{config,state}/set-mpls-tc",
      "supported": false
    },
    {
      "oc": "/qos/scheduler-policies/scheduler-policy/schedulers/scheduler/two-rate-three-color/exceed-action",
      "supported": false
    },
    {
      "oc": "/qos/scheduler-policies/scheduler-policy/schedulers/scheduler/two-rate-three-color/exceed-action/{config,state}",
      "supported": false
    },
    {
      "oc": "/qos/scheduler-policies/scheduler-policy/schedulers/scheduler/two-rate-three-color/exceed-action/{config,state}/set-dscp",
      "supported": false
    },
    {
      "oc": "/qos/scheduler-policies/scheduler-policy/schedulers/scheduler/two-rate-three-color/exceed-action/{config,state}/set-dot1p",
      "supported": false
    },
    {
      "oc": "/qos/scheduler-policies/scheduler-policy/schedulers/scheduler/two-rate-three-color/exceed-action/{config,state}/set-mpls-tc",
      "supported": false
    },
    {
      "oc": "/qos/scheduler-policies/scheduler-policy/schedulers/scheduler/two-rate-three-color/exceed-action/{config,state}/drop",
      "supported": false
    },
    {
      "oc": "/qos/scheduler-policies/scheduler-policy/schedulers/scheduler/two-rate-three-color/violate-action",
      "supported": false
    },
    {
      "oc": "/qos/scheduler-policies/scheduler-policy/schedulers/scheduler/two-rate-three-color/violate-action/{config,state}",
      "supported": false
    },
    {
      "oc": "/qos/scheduler-policies/scheduler-policy/schedulers/scheduler/two-rate-three-color/violate-action/{config,state}/set-dscp",
      "supported": false
    },
    {
      "oc": "/qos/scheduler-policies/scheduler-policy/schedulers/scheduler/two-rate-three-color/violate-action/{config,state}/set-dot1p",
      "supported": false
    },
    {
      "oc": "/qos/scheduler-policies/scheduler-policy/schedulers/scheduler/two-rate-three-color/violate-action/{config,state}/set-mpls-tc",
      "supported": false
    },
    {
      "oc": "/qos/scheduler-policies/scheduler-policy/schedulers/scheduler/two-rate-three-color/violate-action/{config,state}/drop",
      "supported": false
    },
    {
      "oc": "/qos/buffer-allocation-profiles",
      "srlinux": "",
      "feature-flagged": true
    },
    {
      "oc": "/qos/buffer-allocation-profiles/buffer-allocation-profile",
      "srlinux": "/qos/buffer-management/buffer-allocation-profile",
      "feature-flagged": true
    },
    {
      "oc": "/qos/buffer-allocation-profiles/buffer-allocation-profile/name",
      "srlinux": "/qos/buffer-management/buffer-allocation-profile/name",
      "feature-flagged": true
    },
    {
      "oc": "/qos/buffer-allocation-profiles/buffer-allocation-profile/{config,state}",
      "srlinux": "",
      "feature-flagged": true
    },
    {
      "oc": "/qos/buffer-allocation-profiles/buffer-allocation-profile/{config,state}/name",
      "srlinux": "",
      "feature-flagged": true
    },
    {
      "oc": "/qos/buffer-allocation-profiles/buffer-allocation-profile/queues",
      "srlinux": "/qos/buffer-management/buffer-allocation-profile/queues",
      "feature-flagged": true
    },
    {
      "oc": "/qos/buffer-allocation-profiles/buffer-allocation-profile/queues/queue",
      "srlinux": "/qos/buffer-management/buffer-allocation-profile/queues/queue",
      "feature-flagged": true
    },
    {
      "oc": "/qos/buffer-allocation-profiles/buffer-allocation-profile/queues/queue/name",
      "srlinux": "/qos/buffer-management/buffer-allocation-profile/queues/queue/queue-name",
      "feature-flagged": true
    },
    {
      "oc": "/qos/buffer-allocation-profiles/buffer-allocation-profile/queues/queue/{config,state}",
      "srlinux": "",
      "feature-flagged": true
    },
    {
      "oc": "/qos/buffer-allocation-profiles/buffer-allocation-profile/queues/queue/{config,state}/name",
      "srlinux": "",
      "feature-flagged": true
    },
    {
      "oc": "/qos/buffer-allocation-profiles/buffer-allocation-profile/queues/queue/{config,state}/dedicated-buffer",
      "supported": false
    },
    {
      "oc": "/qos/buffer-allocation-profiles/buffer-allocation-profile/queues/queue/{config,state}/dedicated-buffer-temporal",
      "supported": false
    },
    {
      "oc": "/qos/buffer-allocation-profiles/buffer-allocation-profile/queues/queue/{config,state}/use-shared-buffer",
      "supported": false
    },
    {
      "oc": "/qos/buffer-allocation-profiles/buffer-allocation-profile/queues/queue/{config,state}/shared-buffer-limit-type",
      "supported": false
    },
    {
      "oc": "/qos/buffer-allocation-profiles/buffer-allocation-profile/queues/queue/{config,state}/static-shared-buffer-limit",
      "srlinux": "/qos/buffer-management/buffer-allocation-profile/queues/queue/maximum-burst-size",
      "feature-flagged": true
    },
    {
      "oc": "/qos/buffer-allocation-profiles/buffer-allocation-profile/queues/queue/{config,state}/static-shared-buffer-limit-temporal",
      "supported": false
    },
    {
      "oc": "/qos/buffer-allocation-profiles/buffer-allocation-profile/queues/queue/{config,state}/dynamic-limit-scaling-factor",
      "supported": false
    },
    {
      "oc": "/qos/queue-management-profiles",
      "srlinux": "",
      "feature-flagged": true
    },
    {
      "oc": "/qos/queue-management-profiles/queue-management-profile",
      "srlinux": "/qos/buffer-management/queue-management-profile",
      "feature-flagged": true
    },
    {
      "oc": "/qos/queue-management-profiles/queue-management-profile/name",
      "srlinux": "/qos/buffer-management/queue-management-profile/name",
      "feature-flagged": true
    },
    {
      "oc": "/qos/queue-management-profiles/queue-management-profile/{config,state}",
      "srlinux": "",
      "feature-flagged": true
    },
    {
      "oc": "/qos/queue-management-profiles/queue-management-profile/{config,state}/name",
      "srlinux": "",
      "feature-flagged": true
    },
    {
      "oc": "/qos/queue-management-profiles/queue-management-profile/wred",
      "srlinux": "",
      "feature-flagged": true
    },
    {
      "oc": "/qos/queue-management-profiles/queue-management-profile/wred/uniform",
      "srlinux": "",
      "feature-flagged": true
    },
    {
      "oc": "/qos/queue-management-profiles/queue-management-profile/wred/uniform/{config,state}",
      "pretranslate-transform": "qos-wred-transform",
      "state-request-from-here": true,
      "srlinux": ""
    },
    {
      "oc": "",
      "srlinux": "/qos/buffer-management/queue-management-profile/wred/wred-slope",
      "feature-flagged": true,
      "pretranslate-transform":"qos-wred-transform"
    },
    {
      "oc": "/qos/queue-management-profiles/queue-management-profile/wred/uniform/{config,state}/min-threshold",
      "srlinux": "",
      "feature-flagged": true
    },
    {
      "oc": "/qos/queue-management-profiles/queue-management-profile/wred/uniform/{config,state}/max-threshold",
      "srlinux": "",
      "feature-flagged": true
    },
    {
      "oc": "/qos/queue-management-profiles/queue-management-profile/wred/uniform/{config,state}/min-threshold-percent",
      "supported": false
    },
    {
      "oc": "/qos/queue-management-profiles/queue-management-profile/wred/uniform/{config,state}/max-threshold-percent",
      "supported": false
    },
    {
      "oc": "/qos/queue-management-profiles/queue-management-profile/wred/uniform/{config,state}/enable-ecn",
      "srlinux": "",
      "feature-flagged": true
    },
    {
      "oc": "/qos/queue-management-profiles/queue-management-profile/wred/uniform/{config,state}/drop",
      "srlinux": "",
      "feature-flagged": true
    },
    {
      "oc": "/qos/queue-management-profiles/queue-management-profile/wred/uniform/{config,state}/weight",
      "srlinux": "",
      "feature-flagged": true,
      "deviations": {
        "add": {
            "must": [
            {
                "expression": ". <= 15",
                "error-message": "supported range is 0..15"
            }
            ]
        }
      }
    },
    {
      "srlinux": "/qos/buffer-management/queue-management-profile/weight-factor",
      "pretranslate-transform": "srl-queue-mgmt-weight-factor-transform"
    },
    {
      "oc": "/qos/queue-management-profiles/queue-management-profile/wred/uniform/{config,state}/max-drop-probability-percent",
      "srlinux": "",
      "feature-flagged": true
    },
    {
      "oc": "/qos/queue-management-profiles/queue-management-profile/red",
      "supported": false
    },
    {
      "oc": "/qos/queue-management-profiles/queue-management-profile/red/uniform",
      "supported": false
    },
    {
      "oc": "/qos/queue-management-profiles/queue-management-profile/red/uniform/{config,state}",
      "supported": false
    },
    {
      "oc": "/qos/queue-management-profiles/queue-management-profile/red/uniform/{config,state}/min-threshold",
      "supported": false
    },
    {
      "oc": "/qos/queue-management-profiles/queue-management-profile/red/uniform/{config,state}/max-threshold",
      "supported": false
    },
    {
      "oc": "/qos/queue-management-profiles/queue-management-profile/red/uniform/{config,state}/enable-ecn",
      "supported": false
    },
    {
      "oc": "/qos/queue-management-profiles/queue-management-profile/red/uniform/{config,state}/drop",
      "supported": false
    }
  ]
}
