{
  "mapping": [
        {
            "oc": "/keychains",
            "srlinux": "/system/authentication"
        },
        {
            "oc": "/keychains/keychain",
            "srlinux": "/system/authentication/keychain"
        },
        {
            "oc": "/keychains/keychain/name",
            "transform": "direct-key-transform"
        },
        {
            "srlinux": "/system/authentication/keychain/name",
            "transform": "direct-key-transform"
        },
        {
            "oc": "/keychains/keychain/config",
            "srlinux": ""
        },
        {
            "oc": "/keychains/keychain/{state}",
            "srlinux": ""
        },
        {
            "oc": "/keychains/keychain/{config,state}/name",
            "srlinux": "",
            "type": "srl_nokia-common:name"
        },
        {
            "oc": "/keychains/keychain/{config,state}/tolerance",
            "srlinux": "/system/authentication/keychain/tolerance"
        },
        {
            "oc": "/keychains/keychain/keys",
            "srlinux": ""
        },
        {
            "oc": "/keychains/keychain/keys/key",
            "srlinux": "/system/authentication/keychain/key"
        },
        {
            "oc": "/keychains/keychain/keys/key/key-id",
            "transform": "direct-key-transform"
        },
        {
            "srlinux": "/system/authentication/keychain/key/index",
            "transform": "direct-key-transform"
        },
        {
            "oc": "/keychains/keychain/keys/key/{config,state}",
            "srlinux": ""
        },
        {
            "oc": "/keychains/keychain/keys/key/{config,state}/key-id",
            "srlinux": ""
        },
        {
            "oc": "/keychains/keychain/keys/key/{config,state}/secret-key",
            "srlinux": "/system/authentication/keychain/key/authentication-key",
            "type": "srl_nokia-common:routing-password"
        },
        {
            "oc": "/keychains/keychain/keys/key/{config,state}/crypto-algorithm",
            "srlinux": "/system/authentication/keychain/key/algorithm",
            "mapping" : [
                {"CRYPTO_NONE" : "cleartext"},
                {"MD5" : "md5"},
                {"HMAC_MD5" : "hmac-md5"},
                {"HMAC_SHA_1" : "hmac-sha-1"},
                {"HMAC_SHA_256" : "hmac-sha-256"},
                {"AES_28_CMAC_96" : "aes-128-cmac"}
            ]
        },
        {
            "oc": "/keychains/keychain/keys/key/send-lifetime",
            "srlinux": "/system/authentication/keychain/key/send-lifetime"
        },
        {
            "oc": "/keychains/keychain/keys/key/send-lifetime/{config,state}",
            "srlinux": ""
        },
        {
            "oc": "/keychains/keychain/keys/key/send-lifetime/{config,state}/start-time",
            "srlinux": "/system/authentication/keychain/key/send-lifetime/start-time"
        },
        {
            "oc": "/keychains/keychain/keys/key/send-lifetime/{config,state}/end-time",
            "supported": false
        },
        {
            "oc": "/keychains/keychain/keys/key/send-lifetime/{config,state}/send-and-receive",
            "srlinux": "/system/authentication/keychain/key/send-lifetime/send-and-receive"
        },
        {
            "oc": "/keychains/keychain/keys/key/receive-lifetime",
            "srlinux": "/system/authentication/keychain/key/receive-lifetime"
        },
        {
            "oc": "/keychains/keychain/keys/key/receive-lifetime/{config,state}",
            "srlinux": ""
        },
        {
            "oc": "/keychains/keychain/keys/key/receive-lifetime/{config,state}/start-time",
            "srlinux": "/system/authentication/keychain/key/receive-lifetime/start-time"
        },
        {
            "oc": "/keychains/keychain/keys/key/receive-lifetime/{config,state}/end-time",
            "srlinux": "/system/authentication/keychain/key/receive-lifetime/end-time"
        }
  ]
}
