{
  "mapping": [
    {
      "oc": "/lldp",
      "srlinux": "/system/srl_nokia-lldp:lldp"
    },
    {
      "oc": "/lldp/{config,state}",
      "srlinux": ""
    },
    {
      "oc": "/lldp/{config,state}/enabled",
      "srlinux": "/system/srl_nokia-lldp:lldp/srl_nokia-lldp:admin-state",
      "transform":"bool-to-admin-state"
    },
    {
      "oc": "/lldp/{config,state}/hello-timer",
      "srlinux": "/system/srl_nokia-lldp:lldp/srl_nokia-lldp:hello-timer"
    },
    {
      "oc": "/lldp/{config,state}/suppress-tlv-advertisement",
      "supported": false
    },
    {
      "oc": "/lldp/config/system-name",
      "supported": false
    },
    {
      "oc": "/lldp/state/system-name",
      "srlinux": "/system/srl_nokia-lldp:lldp/srl_nokia-lldp:system-name"
    },
    {
      "oc": "/lldp/config/system-description",
      "supported": false
    },
    {
      "oc": "/lldp/state/system-description",
      "srlinux": "/system/srl_nokia-lldp:lldp/srl_nokia-lldp:system-description"
    },
    {
      "oc": "/lldp/config/chassis-id",
      "supported": false
    },
    {
      "oc": "/lldp/state/chassis-id",
      "srlinux": "/system/srl_nokia-lldp:lldp/srl_nokia-lldp:chassis-id"
    },
    {
      "oc": "/lldp/config/chassis-id-type",
      "supported": false
    },
    {
      "oc": "/lldp/state/chassis-id-type",
      "srlinux": "/system/srl_nokia-lldp:lldp/srl_nokia-lldp:chassis-id-type"
    },
    {
      "oc": "/lldp/state/counters",
      "srlinux": "/system/srl_nokia-lldp:lldp/srl_nokia-lldp:statistics"
    },
    {
      "oc": "/lldp/state/counters/frame-in",
      "srlinux": "/system/srl_nokia-lldp:lldp/srl_nokia-lldp:statistics/srl_nokia-lldp:frame-in"
    },
    {
      "oc": "/lldp/state/counters/frame-out",
      "srlinux": "/system/srl_nokia-lldp:lldp/srl_nokia-lldp:statistics/srl_nokia-lldp:frame-out"
    },
    {
      "oc": "/lldp/state/counters/frame-error-in",
      "srlinux": "/system/srl_nokia-lldp:lldp/srl_nokia-lldp:statistics/srl_nokia-lldp:frame-error-in"
    },
    {
      "oc": "/lldp/state/counters/frame-discard",
      "srlinux": "/system/srl_nokia-lldp:lldp/srl_nokia-lldp:statistics/srl_nokia-lldp:frame-discard"
    },
    {
      "oc": "/lldp/state/counters/tlv-discard",
      "srlinux": "/system/srl_nokia-lldp:lldp/srl_nokia-lldp:statistics/srl_nokia-lldp:tlv-discard"
    },
    {
      "oc": "/lldp/state/counters/tlv-unknown",
      "srlinux": "/system/srl_nokia-lldp:lldp/srl_nokia-lldp:statistics/srl_nokia-lldp:tlv-unknown"
    },
    {
      "oc": "/lldp/state/counters/last-clear",
      "srlinux": "/system/srl_nokia-lldp:lldp/srl_nokia-lldp:statistics/srl_nokia-lldp:last-clear"
    },
    {
      "oc": "/lldp/state/counters/tlv-accepted",
      "srlinux": "/system/srl_nokia-lldp:lldp/srl_nokia-lldp:statistics/srl_nokia-lldp:tlv-accepted"
    },
    {
      "oc": "/lldp/state/counters/entries-aged-out",
      "srlinux": "/system/srl_nokia-lldp:lldp/srl_nokia-lldp:statistics/srl_nokia-lldp:entries-aged-out"
    },
    {
      "oc": "/lldp/interfaces",
      "srlinux": ""
    },
    {
      "oc": "/lldp/interfaces/interface",
      "srlinux": "/system/srl_nokia-lldp:lldp/srl_nokia-lldp:interface"
    },
    {
      "oc": "/lldp/interfaces/interface/name",
      "srlinux": "/system/srl_nokia-lldp:lldp/srl_nokia-lldp:interface/srl_nokia-lldp:name"
    },
    {
      "oc": "/lldp/interfaces/interface/{config,state}",
      "srlinux": ""
    },
    {
      "oc": "/lldp/interfaces/interface/{config,state}/name",
      "srlinux": "",
      "type": "srl_nokia-common:interface-all"
    },
    {
      "oc": "/lldp/interfaces/interface/{config,state}/enabled",
      "srlinux": "/system/srl_nokia-lldp:lldp/srl_nokia-lldp:interface/srl_nokia-lldp:admin-state",
      "transform":"bool-to-admin-state"
    },
    {
      "oc": "/lldp/interfaces/interface/state/counters",
      "srlinux": "/system/srl_nokia-lldp:lldp/srl_nokia-lldp:interface/srl_nokia-lldp:statistics"
    },
    {
      "oc": "/lldp/interfaces/interface/state/counters/frame-in",
      "srlinux": "/system/srl_nokia-lldp:lldp/srl_nokia-lldp:interface/srl_nokia-lldp:statistics/srl_nokia-lldp:frame-in"
    },
    {
      "oc": "/lldp/interfaces/interface/state/counters/frame-out",
      "srlinux": "/system/srl_nokia-lldp:lldp/srl_nokia-lldp:interface/srl_nokia-lldp:statistics/srl_nokia-lldp:frame-out"
    },
    {
      "oc": "/lldp/interfaces/interface/state/counters/frame-error-in",
      "srlinux": "/system/srl_nokia-lldp:lldp/srl_nokia-lldp:interface/srl_nokia-lldp:statistics/srl_nokia-lldp:frame-error-in"
    },
    {
      "oc": "/lldp/interfaces/interface/state/counters/frame-discard",
      "srlinux": "/system/srl_nokia-lldp:lldp/srl_nokia-lldp:interface/srl_nokia-lldp:statistics/srl_nokia-lldp:frame-discard"
    },
    {
      "oc": "/lldp/interfaces/interface/state/counters/tlv-discard",
      "srlinux": "/system/srl_nokia-lldp:lldp/srl_nokia-lldp:interface/srl_nokia-lldp:statistics/srl_nokia-lldp:tlv-discard"
    },
    {
      "oc": "/lldp/interfaces/interface/state/counters/tlv-unknown",
      "srlinux": "/system/srl_nokia-lldp:lldp/srl_nokia-lldp:interface/srl_nokia-lldp:statistics/srl_nokia-lldp:tlv-unknown"
    },
    {
      "oc": "/lldp/interfaces/interface/state/counters/last-clear",
      "srlinux": "/system/srl_nokia-lldp:lldp/srl_nokia-lldp:interface/srl_nokia-lldp:statistics/srl_nokia-lldp:last-clear"
    },
    {
      "oc": "/lldp/interfaces/interface/state/counters/frame-error-out",
      "srlinux": "/system/srl_nokia-lldp:lldp/srl_nokia-lldp:interface/srl_nokia-lldp:statistics/srl_nokia-lldp:frame-error-out"
    },
    {
      "oc": "/lldp/interfaces/interface/neighbors",
      "srlinux": ""
    },
    {
      // Since management-address is a list in SRL, we need to combine two different objects - hence the special handling here
      "oc": "/lldp/interfaces/interface/neighbors/neighbor",
      "pretranslate-transform": "oc-lldp-neigbhor-transform"
    },
    {
      "srlinux": "/system/srl_nokia-lldp:lldp/srl_nokia-lldp:interface/srl_nokia-lldp:neighbor",
      "pretranslate-transform": "srl-lldp-neigbhor-transform"
    },
    {
      "oc": "/lldp/interfaces/interface/neighbors/neighbor/id",
      "srlinux": "/system/srl_nokia-lldp:lldp/srl_nokia-lldp:interface/srl_nokia-lldp:neighbor/srl_nokia-lldp:id"
    },
    {
      "oc": "/lldp/interfaces/interface/neighbors/neighbor/{config,state}",
      "srlinux": ""
    },
    {
      "oc": "/lldp/interfaces/interface/neighbors/neighbor/state/system-name",
      "srlinux": "/system/srl_nokia-lldp:lldp/srl_nokia-lldp:interface/srl_nokia-lldp:neighbor/srl_nokia-lldp:system-name"
    },
    {
      "oc": "/lldp/interfaces/interface/neighbors/neighbor/state/system-description",
      "srlinux": "/system/srl_nokia-lldp:lldp/srl_nokia-lldp:interface/srl_nokia-lldp:neighbor/srl_nokia-lldp:system-description"
    },
    {
      "oc": "/lldp/interfaces/interface/neighbors/neighbor/state/chassis-id",
      "srlinux": "/system/srl_nokia-lldp:lldp/srl_nokia-lldp:interface/srl_nokia-lldp:neighbor/srl_nokia-lldp:chassis-id"
    },
    {
      "oc": "/lldp/interfaces/interface/neighbors/neighbor/state/chassis-id-type",
      "srlinux": "/system/srl_nokia-lldp:lldp/srl_nokia-lldp:interface/srl_nokia-lldp:neighbor/srl_nokia-lldp:chassis-id-type"
    },
    {
      "oc": "/lldp/interfaces/interface/neighbors/neighbor/state/id",
      "srlinux": ""
    },
    {
      "oc": "/lldp/interfaces/interface/neighbors/neighbor/state/age",
      "srlinux": "/system/srl_nokia-lldp:lldp/srl_nokia-lldp:interface/srl_nokia-lldp:neighbor/srl_nokia-lldp:first-message",
      "transform" : "seconds-ago-to-timestamp"
    },
    {
      "oc": "/lldp/interfaces/interface/neighbors/neighbor/state/last-update",
      "srlinux": "/system/srl_nokia-lldp:lldp/srl_nokia-lldp:interface/srl_nokia-lldp:neighbor/srl_nokia-lldp:last-update",
      "transform" : "seconds-ago-to-timestamp"
    },
    {
      "oc": "/lldp/interfaces/interface/neighbors/neighbor/state/ttl",
      "supported": false
      // We should probably add this to state
    },
    {
      "oc": "/lldp/interfaces/interface/neighbors/neighbor/state/port-id",
      "srlinux": "/system/srl_nokia-lldp:lldp/srl_nokia-lldp:interface/srl_nokia-lldp:neighbor/srl_nokia-lldp:port-id"
    },
    {
      "oc": "/lldp/interfaces/interface/neighbors/neighbor/state/port-id-type",
      "srlinux": "/system/srl_nokia-lldp:lldp/srl_nokia-lldp:interface/srl_nokia-lldp:neighbor/srl_nokia-lldp:port-id-type"
    },
    {
      "oc": "/lldp/interfaces/interface/neighbors/neighbor/state/port-description",
      "srlinux": "/system/srl_nokia-lldp:lldp/srl_nokia-lldp:interface/srl_nokia-lldp:neighbor/srl_nokia-lldp:port-description"
    },
    {
      "oc": "/lldp/interfaces/interface/neighbors/neighbor/state/management-address",
      "srlinux": ""
      // This is a list in SRL - special handling is done to return the first item on the list
      // "srlinux": "/system/srl_nokia-lldp:lldp/srl_nokia-lldp:interface/srl_nokia-lldp:neighbor/srl_nokia-lldp:management-address/srl_nokia-lldp:address"
    },
    {
      "srlinux": "/system/lldp/interface/neighbor/management-address",
      "pretranslate-transform": "srl-lldp-neigbhor-transform"
    },
    {
      "oc": "/lldp/interfaces/interface/neighbors/neighbor/state/management-address-type",
      "srlinux": ""
      // This is a list in SRL - special handling is done to return the first item on the list
      // "srlinux": "/system/srl_nokia-lldp:lldp/srl_nokia-lldp:interface/srl_nokia-lldp:neighbor/srl_nokia-lldp:management-address/srl_nokia-lldp:type",
      // "mapping": [
      //     {"1":"IPv4"},
      //     {"2":"IPv6"}
      // ]
    },
    {
      "oc": "/lldp/interfaces/interface/neighbors/neighbor/custom-tlvs",
      "srlinux": ""
    },
    {
      "oc": "/lldp/interfaces/interface/neighbors/neighbor/custom-tlvs/tlv",
      "srlinux": "/system/srl_nokia-lldp:lldp/srl_nokia-lldp:interface/srl_nokia-lldp:neighbor/srl_nokia-lldp:custom-tlv"
    },
    {
      "oc": "/lldp/interfaces/interface/neighbors/neighbor/custom-tlvs/tlv/type",
      "srlinux": "/system/srl_nokia-lldp:lldp/srl_nokia-lldp:interface/srl_nokia-lldp:neighbor/srl_nokia-lldp:custom-tlv/srl_nokia-lldp:type"
    },
    {
      "oc": "/lldp/interfaces/interface/neighbors/neighbor/custom-tlvs/tlv/oui",
      "srlinux": "/system/srl_nokia-lldp:lldp/srl_nokia-lldp:interface/srl_nokia-lldp:neighbor/srl_nokia-lldp:custom-tlv/srl_nokia-lldp:oui"
    },
    {
      "oc": "/lldp/interfaces/interface/neighbors/neighbor/custom-tlvs/tlv/oui-subtype",
      "srlinux": "/system/srl_nokia-lldp:lldp/srl_nokia-lldp:interface/srl_nokia-lldp:neighbor/srl_nokia-lldp:custom-tlv/srl_nokia-lldp:oui-subtype"
    },
    {
      "oc": "/lldp/interfaces/interface/neighbors/neighbor/custom-tlvs/tlv/{config,state}",
      "srlinux": ""
    },
    {
      "oc": "/lldp/interfaces/interface/neighbors/neighbor/custom-tlvs/tlv/state/type",
      "srlinux": ""
    },
    {
      "oc": "/lldp/interfaces/interface/neighbors/neighbor/custom-tlvs/tlv/state/oui",
      "srlinux": ""
    },
    {
      "oc": "/lldp/interfaces/interface/neighbors/neighbor/custom-tlvs/tlv/state/oui-subtype",
      "srlinux": ""
    },
    {
      "oc": "/lldp/interfaces/interface/neighbors/neighbor/custom-tlvs/tlv/state/value",
      "srlinux": "/system/srl_nokia-lldp:lldp/srl_nokia-lldp:interface/srl_nokia-lldp:neighbor/srl_nokia-lldp:custom-tlv/srl_nokia-lldp:value"
    },
    {
      "oc": "/lldp/interfaces/interface/neighbors/neighbor/capabilities",
      "srlinux": ""
    },
    {
      "oc": "/lldp/interfaces/interface/neighbors/neighbor/capabilities/capability",
      "srlinux": "/system/srl_nokia-lldp:lldp/srl_nokia-lldp:interface/srl_nokia-lldp:neighbor/srl_nokia-lldp:capability"
    },
    {
      "oc": "/lldp/interfaces/interface/neighbors/neighbor/capabilities/capability/name",
      "srlinux": "/system/srl_nokia-lldp:lldp/srl_nokia-lldp:interface/srl_nokia-lldp:neighbor/srl_nokia-lldp:capability/srl_nokia-lldp:name"
    },
    {
      "oc": "/lldp/interfaces/interface/neighbors/neighbor/capabilities/capability/{config,state}",
      "srlinux": ""
    },
    {
      "oc": "/lldp/interfaces/interface/neighbors/neighbor/capabilities/capability/state/name",
      "srlinux": ""
    },
    {
      "oc": "/lldp/interfaces/interface/neighbors/neighbor/capabilities/capability/state/enabled",
      "srlinux": "/system/srl_nokia-lldp:lldp/srl_nokia-lldp:interface/srl_nokia-lldp:neighbor/srl_nokia-lldp:capability/srl_nokia-lldp:enabled"
    }
  ]
}
