{
  "mapping": [
    {
      "oc": "/system/aaa",
      "srlinux": "/system/srl-aaa:aaa"
    },
    {
      "oc": "/system/aaa/{config,state}",
      "srlinux": ""
    },
    {
      "oc": "/system/aaa/authentication",
      "srlinux": "/system/srl-aaa:aaa/srl-aaa:authentication"
    },
    {
      "oc": "/system/aaa/authentication/{config,state}",
      "srlinux": ""
    },
    {
      "oc": "/system/aaa/authentication/{config,state}/authentication-method",
      "srlinux": "/system/srl-aaa:aaa/srl-aaa:authentication/srl-aaa:authentication-method"
//      "special-handling": "only-support-server-group-name" - this will just map to the string in SRL regardless
    },
    {
      "oc": "/system/aaa/authentication/{config,state}/authentication-method/authentication-method",
      "srlinux": "/system/srl-aaa:aaa/srl-aaa:authentication/srl-aaa:authentication-method/authentication-method"
    },
    {
      "oc": "/system/aaa/authentication/admin-user",
      "srlinux": "/system/srl-aaa:aaa/srl-aaa:authentication/srl-aaa:admin-user"
    },
    {
      "oc": "/system/aaa/authentication/admin-user/{config,state}",
      "srlinux": ""
    },
    {
      "oc": "/system/aaa/authentication/admin-user/{config,state}/admin-password",
      "srlinux": "/system/srl-aaa:aaa/srl-aaa:authentication/srl-aaa:admin-user/srl-aaa:password",
      "type" : "srl_nokia-common:user-password"
    },
    {
      "oc": "/system/aaa/authentication/admin-user/{config,state}/admin-password-hashed",
      "supported": false
    },
    {
      "oc": "/system/aaa/authentication/admin-user/state/admin-username",
      "srlinux": "/system/srl-aaa:aaa/srl-aaa:authentication/srl-aaa:admin-user/srl-aaa:username"
    },
    {
      "oc": "/system/aaa/authentication/users",
      "srlinux": ""
    },
    {
      "oc": "/system/aaa/authentication/users/user",
      "srlinux": "/system/srl-aaa:aaa/srl-aaa:authentication/srl-aaa:user",
      "pretranslate-transform": "system-aaa-authentication-user-transform"
    },
    {
      "oc": "/system/aaa/authentication/users/user/username",
      "srlinux": "/system/srl-aaa:aaa/srl-aaa:authentication/srl-aaa:user/srl-aaa:username"
    },
    {
      "oc": "/system/aaa/authentication/users/user/{config,state}",
      "srlinux": ""
    },
    {
      "oc": "/system/aaa/authentication/users/user/{config,state}/username",
      "srlinux": ""
    },
    // deviate not-supported in openconfig-gnsi-credentialz (cannot be deviated here as well)
    // {
    //   "oc": "/system/aaa/authentication/users/user/config/password",
    //   "srlinux": "/system/srl-aaa:aaa/srl-aaa:authentication/srl-aaa:user/srl-aaa:password",
    //   "type" : "srl_nokia-common:user-password"
    // },
    // {
    //   "oc": "/system/aaa/authentication/users/user/config/password-hashed",
    //   "supported": false
    // },
    // {
    //   "oc": "/system/aaa/authentication/users/user/{config,state}/ssh-key",
    //   "srlinux": "/system/srl-aaa:aaa/srl-aaa:authentication/srl-aaa:user/srl-aaa:ssh-key"
    // },
    {
      "oc": "/system/aaa/authentication/users/user/{_,state}/password",
      "srlinux": "/system/srl-aaa:aaa/srl-aaa:authentication/srl-aaa:user/srl-aaa:password",
      "type" : "srl_nokia-common:user-password"
    },
    {
      "oc": "/system/aaa/authentication/users/user/state/password-hashed",
      "supported": false
    },
    {
      "oc": "/system/aaa/authentication/users/user/{config,state}/role",
      "srlinux": "",
      "pretranslate-transform": "oc-system-aaa-authentication-user-role-transform"
    },
    {
      "oc": "",
      "srlinux": "/system/srl-aaa:aaa/srl-aaa:authentication/srl-aaa:user/srl-aaa:role",
      "pretranslate-transform": "srl-system-aaa-authentication-user-role-transform"
    },
    {
      "oc": "",
      "srlinux": "/system/srl-aaa:aaa/srl-aaa:authentication/srl-aaa:user/srl-aaa:superuser"
    },
    {
      "oc": "/system/aaa/authorization",
      "srlinux": "/system/srl-aaa:aaa/srl-aaa:authorization"
    },
    {
      "oc": "/system/aaa/authorization/{config,state}",
      "srlinux": ""
    },
    {
      "oc": "/system/aaa/authorization/{config,state}/authorization-method",
      "supported": false
    },
    {
      "oc": "/system/aaa/authorization/events",
      "supported": false
    },
    {
      "oc": "/system/aaa/accounting",
      "srlinux": "/system/srl-aaa:aaa/srl-aaa:accounting"
    },
    {
      "oc": "/system/aaa/accounting/{config,state}",
      "srlinux": ""
    },
    {
      "oc": "/system/aaa/accounting/{config,state}/accounting-method",
      "srlinux": "/system/srl-aaa:aaa/srl-aaa:accounting/srl-aaa:accounting-method"
//      "special-handling": "only-support-server-group-name"  - this will just map to the string in SRL regardless
    },
    {
      "oc": "/system/aaa/accounting/{config,state}/accounting-method/accounting-method",
      "srlinux": "/system/srl-aaa:aaa/srl-aaa:accounting/srl-aaa:accounting-method/accounting-method"
    },
    {
      "oc": "/system/aaa/accounting/events",
      "srlinux": ""
    },
    {
      "oc": "/system/aaa/accounting/events/event",
      "srlinux": "/system/srl-aaa:aaa/srl-aaa:accounting/srl-aaa:event"
    },
    {
      "oc": "/system/aaa/accounting/events/event/event-type",
      "srlinux": "/system/srl-aaa:aaa/srl-aaa:accounting/srl-aaa:event/srl-aaa:event-type",
      "mapping": [
          {"AAA_ACCOUNTING_EVENT_COMMAND":"command"},
          {"AAA_ACCOUNTING_EVENT_LOGIN":""}
      ]
    },
    {
      "oc": "/system/aaa/accounting/events/event/{config,state}",
      "srlinux": ""
    },
    {
      "oc": "/system/aaa/accounting/events/event/{config,state}/event-type",
      "srlinux": ""
    },
    {
      "oc": "/system/aaa/accounting/events/event/{config,state}/record",
      "srlinux": "/system/srl-aaa:aaa/srl-aaa:accounting/srl-aaa:event/srl-aaa:record",
      "mapping": [
          {"START_STOP":"start-stop"},
          {"STOP":"stop"}
      ]
    },
    {
      "oc": "/system/aaa/server-groups",
      "srlinux": ""
    },
    {
      "oc": "/system/aaa/server-groups/server-group",
      "srlinux": "/system/srl-aaa:aaa/srl-aaa:server-group"
    },
    {
      "oc": "/system/aaa/server-groups/server-group/name",
      "srlinux": "/system/srl-aaa:aaa/srl-aaa:server-group/srl-aaa:name"
    },
    {
      "oc": "/system/aaa/server-groups/server-group/{config,state}",
      "srlinux": ""
    },
    {
      "oc": "/system/aaa/server-groups/server-group/{config,state}/name",
      "srlinux": ""
    },
    {
      "oc": "/system/aaa/server-groups/server-group/{config,state}/type",
      "srlinux": "/system/srl-aaa:aaa/srl-aaa:server-group/srl-aaa:type",
      "mapping": [
        {"<clear>":"local"},
        {"TACACS":"tacacs"},
        {"RADIUS":"radius"}
      ]
    },
    {
      "oc": "/system/aaa/server-groups/server-group/servers",
      "srlinux": ""
    },
    {
      "oc": "/system/aaa/server-groups/server-group/servers/server",
      "srlinux": "/system/srl-aaa:aaa/srl-aaa:server-group/srl-aaa:server"
    },
    {
      "oc": "/system/aaa/server-groups/server-group/servers/server/address",
      "srlinux": "/system/srl-aaa:aaa/srl-aaa:server-group/srl-aaa:server/srl-aaa:address"
    },
    {
      "oc": "/system/aaa/server-groups/server-group/servers/server/{config,state}",
      "srlinux": ""
    },
    {
      "oc": "/system/aaa/server-groups/server-group/servers/server/{config,state}/name",
      "srlinux": "/system/srl-aaa:aaa/srl-aaa:server-group/srl-aaa:server/srl-aaa:name"
    },
    {
      "oc": "/system/aaa/server-groups/server-group/servers/server/{config,state}/address",
      "srlinux": "",
      "type": "srl_nokia-common:ip-address"
    },
    {
      "oc": "/system/aaa/server-groups/server-group/servers/server/{config,state}/timeout",
      "supported": false
      // "srlinux": "/system/srl-aaa:aaa/srl-aaa:server-group/srl-aaa:timeout",
      // "special-handling": "per-group-not-per-server"
    },
    {
      "oc": "/system/aaa/server-groups/server-group/servers/server/state/connection-opens",
      "supported": false
    },
    {
      "oc": "/system/aaa/server-groups/server-group/servers/server/state/connection-closes",
      "supported": false
    },
    {
      "oc": "/system/aaa/server-groups/server-group/servers/server/state/connection-aborts",
      "supported": false
    },
    {
      "oc": "/system/aaa/server-groups/server-group/servers/server/state/connection-failures",
      "supported": false
    },
    {
      "oc": "/system/aaa/server-groups/server-group/servers/server/state/connection-timeouts",
      "supported": false
    },
    {
      "oc": "/system/aaa/server-groups/server-group/servers/server/state/messages-sent",
      "supported": false
    },
    {
      "oc": "/system/aaa/server-groups/server-group/servers/server/state/messages-received",
      "supported": false
    },
    {
      "oc": "/system/aaa/server-groups/server-group/servers/server/state/errors-received",
      "supported": false
    },
    {
      "oc": "/system/aaa/server-groups/server-group/servers/server/tacacs",
      "srlinux": "/system/srl-aaa:aaa/srl-aaa:server-group/srl-aaa:server/srl-aaa:tacacs"
    },
    {
      "oc": "/system/aaa/server-groups/server-group/servers/server/tacacs/{config,state}",
      "srlinux": ""
    },
    {
      "oc": "/system/aaa/server-groups/server-group/servers/server/tacacs/{config,state}/port",
      "srlinux": "/system/srl-aaa:aaa/srl-aaa:server-group/srl-aaa:server/srl-aaa:tacacs/srl-aaa:port"
    },
    {
      "oc": "/system/aaa/server-groups/server-group/servers/server/tacacs/{config,state}/secret-key",
      "srlinux": "/system/srl-aaa:aaa/srl-aaa:server-group/srl-aaa:server/srl-aaa:tacacs/srl-aaa:secret-key"
    },
    {
      "oc": "/system/aaa/server-groups/server-group/servers/server/tacacs/{config,state}/secret-key-hashed",
      "supported": false
    },
    {
      "oc": "/system/aaa/server-groups/server-group/servers/server/tacacs/{config,state}/source-address",
      "srlinux": "/system/srl-aaa:aaa/srl-aaa:server-group/srl-aaa:server/srl-aaa:tacacs/srl-aaa:source-address",
      "feature-flagged": true
    },
    {
      "oc": "/system/aaa/server-groups/server-group/servers/server/radius",
      "supported": false
    }
  ]
}
