{
  "mapping": [
    {
      "oc": "/lacp",
      "srlinux": "/system/srl_nokia-lacp:lacp"
    },
    {
      "oc": "/lacp/{config,state}",
      "srlinux": ""
    },
    {
      "oc": "/lacp/{config,state}/system-priority",
      "srlinux": "/system/srl_nokia-lacp:lacp/srl_nokia-lacp:system-priority"
    },
    {
      "oc": "/lacp/interfaces",
      "srlinux": ""
    },
    {
      "oc": "/lacp/interfaces/interface",
      "srlinux": "/interface/srl_nokia-if-lag:lag/srl_nokia-lacp:lacp"
    },
    {
      "oc": "/lacp/interfaces/interface/name",
      "transform": "direct-key-transform"
    },
    {
      "oc": "/lacp/interfaces/interface/{config,state}",
      "srlinux": ""
    },
    {
      "oc": "/lacp/interfaces/interface/{config,state}/name",
      "srlinux": ""
    },
    {
      "oc": "/lacp/interfaces/interface/{config,state}/interval",
      "srlinux": "/interface/srl_nokia-if-lag:lag/srl_nokia-lacp:lacp/srl_nokia-lacp:interval"
    },
    {
      "oc": "/lacp/interfaces/interface/{config,state}/lacp-mode",
      "srlinux": "/interface/srl_nokia-if-lag:lag/srl_nokia-lacp:lacp/srl_nokia-lacp:lacp-mode"
    },
    {
      "oc": "/lacp/interfaces/interface/{config,state}/system-id-mac",
      "srlinux": "/interface/srl_nokia-if-lag:lag/srl_nokia-lacp:lacp/srl_nokia-lacp:system-id-mac"
    },
    {
      "oc": "/lacp/interfaces/interface/{config,state}/system-priority",
      "srlinux": "/interface/srl_nokia-if-lag:lag/srl_nokia-lacp:lacp/srl_nokia-lacp:system-priority"
    },
    {
      "oc": "/lacp/interfaces/interface/members",
      "srlinux": ""
    },
    {
      "oc": "/lacp/interfaces/interface/members/member",
      "srlinux": "/interface/srl_nokia-if-lag:lag/srl_nokia-if-lag:member/lacp"
    },
    {
      "oc": "/lacp/interfaces/interface/members/member/interface",
      "transform": "direct-key-transform"
      // maps to "srlinux": "/interface/srl_nokia-if-lag:lag/srl_nokia-if-lag:member/srl_nokia-if-lag:name"
    },
    {
      "oc": "/lacp/interfaces/interface/members/member/state",
      "srlinux": ""
    },
    {
      "oc": "/lacp/interfaces/interface/members/member/state/interface",
      "srlinux": ""
    },
    {
      "oc": "/lacp/interfaces/interface/members/member/state/port-priority",
      "supported": false
    },
    {
      "oc": "/lacp/interfaces/interface/members/member/state/partner-port-priority",
      "supported": false
    },
    {
      "oc": "/lacp/interfaces/interface/members/member/state/activity",
      "srlinux": "/interface/srl_nokia-if-lag:lag/srl_nokia-if-lag:member/lacp/srl_nokia-lacp:activity"
    },
    {
      "oc": "/lacp/interfaces/interface/members/member/state/timeout",
      "srlinux": "/interface/srl_nokia-if-lag:lag/srl_nokia-if-lag:member/lacp/srl_nokia-lacp:timeout"
    },
    {
      "oc": "/lacp/interfaces/interface/members/member/state/synchronization",
      "srlinux": "/interface/srl_nokia-if-lag:lag/srl_nokia-if-lag:member/lacp/srl_nokia-lacp:synchronization"
    },
    {
      "oc": "/lacp/interfaces/interface/members/member/state/aggregatable",
      "srlinux": "/interface/srl_nokia-if-lag:lag/srl_nokia-if-lag:member/lacp/srl_nokia-lacp:aggregatable"
    },
    {
      "oc": "/lacp/interfaces/interface/members/member/state/collecting",
      "srlinux": "/interface/srl_nokia-if-lag:lag/srl_nokia-if-lag:member/lacp/srl_nokia-lacp:collecting"
    },
    {
      "oc": "/lacp/interfaces/interface/members/member/state/distributing",
      "srlinux": "/interface/srl_nokia-if-lag:lag/srl_nokia-if-lag:member/lacp/srl_nokia-lacp:distributing"
    },
    {
      "oc": "/lacp/interfaces/interface/members/member/state/system-id",
      "srlinux": "/interface/srl_nokia-if-lag:lag/srl_nokia-if-lag:member/lacp/srl_nokia-lacp:system-id"
    },
    {
      "oc": "/lacp/interfaces/interface/members/member/state/oper-key",
      "srlinux": "/interface/srl_nokia-if-lag:lag/srl_nokia-if-lag:member/lacp/srl_nokia-lacp:oper-key"
    },
    {
      "oc": "/lacp/interfaces/interface/members/member/state/partner-id",
      "srlinux": "/interface/srl_nokia-if-lag:lag/srl_nokia-if-lag:member/lacp/srl_nokia-lacp:partner-id"
    },
    {
      "oc": "/lacp/interfaces/interface/members/member/state/partner-key",
      "srlinux": "/interface/srl_nokia-if-lag:lag/srl_nokia-if-lag:member/lacp/srl_nokia-lacp:partner-key"
    },
    {
      "oc": "/lacp/interfaces/interface/members/member/state/port-num",
      "srlinux": "/interface/srl_nokia-if-lag:lag/srl_nokia-if-lag:member/lacp/srl_nokia-lacp:port-num"
    },
    {
      "oc": "/lacp/interfaces/interface/members/member/state/partner-port-num",
      "srlinux": "/interface/srl_nokia-if-lag:lag/srl_nokia-if-lag:member/lacp/srl_nokia-lacp:partner-port-num"
    },
    {
      "oc": "/lacp/interfaces/interface/members/member/state/last-change",
      "supported": false
    },
    {
      "oc": "/lacp/interfaces/interface/members/member/state/counters",
      "srlinux": "/interface/srl_nokia-if-lag:lag/srl_nokia-if-lag:member/lacp/srl_nokia-lacp:statistics"
    },
    {
      "oc": "/lacp/interfaces/interface/members/member/state/counters/lacp-in-pkts",
      "srlinux": "/interface/srl_nokia-if-lag:lag/srl_nokia-if-lag:member/lacp/srl_nokia-lacp:statistics/srl_nokia-lacp:lacp-in-pkts"
    },
    {
      "oc": "/lacp/interfaces/interface/members/member/state/counters/lacp-out-pkts",
      "srlinux": "/interface/srl_nokia-if-lag:lag/srl_nokia-if-lag:member/lacp/srl_nokia-lacp:statistics/srl_nokia-lacp:lacp-out-pkts"
    },
    {
      "oc": "/lacp/interfaces/interface/members/member/state/counters/lacp-rx-errors",
      "srlinux": "/interface/srl_nokia-if-lag:lag/srl_nokia-if-lag:member/lacp/srl_nokia-lacp:statistics/srl_nokia-lacp:lacp-rx-errors"
    },
    {
      "oc": "/lacp/interfaces/interface/members/member/state/counters/lacp-tx-errors",
      "srlinux": "/interface/srl_nokia-if-lag:lag/srl_nokia-if-lag:member/lacp/srl_nokia-lacp:statistics/srl_nokia-lacp:lacp-tx-errors"
    },
    {
      "oc": "/lacp/interfaces/interface/members/member/state/counters/lacp-unknown-errors",
      "srlinux": "/interface/srl_nokia-if-lag:lag/srl_nokia-if-lag:member/lacp/srl_nokia-lacp:statistics/srl_nokia-lacp:lacp-unknown-errors"
    },
    {
      "oc": "/lacp/interfaces/interface/members/member/state/counters/lacp-errors",
      "srlinux": "/interface/srl_nokia-if-lag:lag/srl_nokia-if-lag:member/lacp/srl_nokia-lacp:statistics/srl_nokia-lacp:lacp-errors"
    },
    {
      "oc": "/lacp/interfaces/interface/members/member/state/counters/lacp-timeout-transitions",
      "supported": false
    }
  ]
}
